제주 신라 호텔,"서귀포, 대한민국",9.05성급,멋진 바
메종 글래드 제주,"제주, 대한민국",8.15성급,객실상태 깨끗함
라마다 프라자 제주 호텔,"제주, 대한민국",8.25성급,위치 아주 좋음
에코랜드 호텔,"제주, 대한민국",8.6
라마다 제주 시티 호텔,"제주, 대한민국",8.14성급
서머셋 제주신화월드,"서귀포, 대한민국",8.65성급
휘닉스 제주 섭지코지,"서귀포, 대한민국",7.84성급,전망이 뛰어남
더큐브 리조트 제주,"서귀포, 대한민국",8.24성급
호텔 난타,"제주, 대한민국",8.64성급,직원들이 친절함
더 베스트 제주 성산,"서귀포, 대한민국",7.94성급,객실상태 깨끗함
한림리조트,"제주, 대한민국",8.8,음식이 맛있음
서귀포 JS호텔,"서귀포, 대한민국",8.44성급,직원들이 친절함
함덕비치스테이제주,"제주, 대한민국",8.2
호텔 케니 모슬포,"서귀포, 대한민국",8.43성급
훈데르트힐즈,"제주, 대한민국",평점없음
엠스테이 호텔 제주,"서귀포, 대한민국",7.84성급,위치 아주 좋음
제주 센트럴시티호텔,"제주, 대한민국",7.73성급,객실상태 깨끗함
플레이스 캠프 제주,"서귀포, 대한민국",8.34성급,침대가 훌륭함
헤이 서귀포,"서귀포, 대한민국",7.93성급
유니호텔 제주,"제주, 대한민국",7.74성급,전망이 뛰어남
엠버퓨어힐호텔&리조트,"제주, 대한민국",9.25성급
신신호텔 제주월드컵,"서귀포, 대한민국",7.74성급,충분한 주차 공간
라마다 바이 윈덤 제주 더 함덕,"제주, 대한민국",7.84성급,직원들이 친절함
베니키아 호텔 제주,"제주, 대한민국",7.53성급,음식이 훌륭함
신신호텔 서귀포,"서귀포, 대한민국",8.04성급
샐리스 제주 호텔,"제주, 대한민국",7.23성급
오션 팰리스 호텔,"서귀포, 대한민국",7.44성급,쇼핑하기 편리한 위치
제주 노블레스 관광호텔,"제주, 대한민국",7.83성급
호텔 빠레브,"서귀포, 대한민국",8.24성급,객실상태 깨끗함
오션블루 호텔,"서귀포, 대한민국",7.23성급
제주 썬호텔,"제주, 대한민국",8.85성급,위치 아주 좋음
블루 하와이 리조트,"제주, 대한민국",7.93성급,직원들이 친절함
블룸 호텔,"서귀포, 대한민국",8.33성급,객실상태 깨끗함
호텔 화인 제주,"서귀포, 대한민국",9.24성급,객실상태 깨끗함
엠버 호텔 제주,"제주, 대한민국",8.54성급,직원들이 친절함
호텔더그랑 서귀포,"서귀포, 대한민국",10.03성급
호텔 삼해인,"제주, 대한민국",8.1
소랑 풀빌라,"제주, 대한민국",8.43성급
오션스타,"서귀포, 대한민국",평점없음
아루미호텔 협재점,"제주, 대한민국",8.03성급
호텔52,"서귀포, 대한민국",7.03성급,위치 아주 좋음
엘렌호텔,"서귀포, 대한민국",9.2
베이힐 풀&빌라,"서귀포, 대한민국",9.05성급,전망이 뛰어남
흰수염 고래 리조트,"제주, 대한민국",8.53성급
그랜드메르 호텔 제주,"서귀포, 대한민국",7.23성급,객실상태 깨끗함
코업시티호텔 하버뷰,"서귀포, 대한민국",8.14성급
골드원 호텔&스위트,"서귀포, 대한민국",8.64성급
제주 마레보 리조트,"제주, 대한민국",7.63성급
씨사이드아덴,"서귀포, 대한민국",8.04성급
비스타케이 호텔 월드컵,"서귀포, 대한민국",7.94성급,객실이 넓음
기린빌라리조트 제주,"서귀포, 대한민국",9.04성급
펄 호텔 제주,"제주, 대한민국",6.93성급
돈내코힐 리조트,"서귀포, 대한민국",8.23성급,전망이 뛰어남
갤럭시 호텔,"제주, 대한민국",7.83성급
아로하 호텔,"서귀포, 대한민국",7.83성급,직원들이 친절함
호텔 앨리스 앤 트렁크,"제주, 대한민국",8.44성급
오션스퀘어 리조트,"서귀포, 대한민국",8.2
제주 메이 더 호텔,"제주, 대한민국",7.13성급,위치 아주 좋음
그림리조트,"제주, 대한민국",7.22성급,전망이 뛰어남
티아일랜드 펜션,"서귀포, 대한민국",7.63성급,전망이 뛰어남
르메인호텔 서귀포,"서귀포, 대한민국",8.9
호텔 윈 스카이,"서귀포, 대한민국",8.33성급
팜밸리 리조트,"서귀포, 대한민국",8.44성급,직원들이 친절함
메가 리조트,"제주, 대한민국",7.02성급
이스턴호텔제주,"서귀포, 대한민국",7.84성급,오션뷰
해와돌 바라기 펜션,"서귀포, 대한민국",9.83성급,음식이 맛있음
제주 오션그랜드 호텔,"제주, 대한민국",7.23성급,위치 아주 좋음
제주브릭스호텔,"서귀포, 대한민국",9.13성급
체크인 호텔,"제주, 대한민국",7.53성급,전망이 뛰어남
제주호텔더엠,"서귀포, 대한민국",8.0
씨앤 호텔,"제주, 대한민국",6.83성급
오투힐리조트,"제주, 대한민국",8.43성급
클럽이에스 제주리조트,"서귀포, 대한민국",8.4
제주 허브인 펜션,"제주, 대한민국",8.92성급
제주 리치 호텔,"제주, 대한민국",7.93성급,전망이 뛰어남
나인부띠끄호텔,"서귀포, 대한민국",8.23성급,객실이 넓음
롯데 리조트 아트 빌라스,"서귀포, 대한민국",8.1,위치 아주 좋음
브리즈 베이 호텔,"서귀포, 대한민국",8.33성급,객실상태 깨끗함
S 호텔 제주,"제주, 대한민국",6.63성급
제주 헬스케어 타운,"서귀포, 대한민국",7.63성급
베니키아 중문 호텔,"서귀포, 대한민국",8.33성급,객실상태 깨끗함
아루미호텔,"서귀포, 대한민국",8.33성급
루시드 엠,"서귀포, 대한민국",8.43성급,객실상태 훌륭함
제이 드림 호텔,"제주, 대한민국",7.83성급,직원들이 친절함
펠리시아,"서귀포, 대한민국",7.13성급
일성 제주비치 리조트,"제주, 대한민국",5.64성급
호텔 컬리넌 제주,"제주, 대한민국",7.32성급,직원들이 친절함
오크라 리조트,"서귀포, 대한민국",10.0
호텔 통 연동 제주,"제주, 대한민국",6.83성급
돌과 바람 리조트,"서귀포, 대한민국",평점없음2성급
제주애월리조트,"제주, 대한민국",평점없음2성급
유어스호텔,"서귀포, 대한민국",8.03성급,위치 아주 좋음
나디아 펜션,"제주, 대한민국",8.33성급
리벤시아 호텔&풀빌라,"제주, 대한민국",8.83성급
하버 호텔,"제주, 대한민국",8.72성급,위치 아주 좋음
뭉클펜션,"제주, 대한민국",8.23성급
씨클리프호텔제주,"제주, 대한민국",7.63성급
호텔 윈스토리,"서귀포, 대한민국",8.23성급
썬라이즈 호텔,"서귀포, 대한민국",7.33성급,전망이 뛰어남
빨간풍차펜션,"제주, 대한민국",7.3,직원들이 친절함
제주 신라 호텔,"서귀포, 대한민국",9.05성급,직원들이 친절함
롯데 호텔 제주,"서귀포, 대한민국",8.85성급,음식이 훌륭함
라마다 프라자 제주 호텔,"제주, 대한민국",8.25성급,직원들이 친절함
유탑 유블레스호텔,"제주, 대한민국",8.04성급,음식이 맛있음
라마다 제주 시티 호텔,"제주, 대한민국",8.14성급
휘닉스 제주 섭지코지,"서귀포, 대한민국",7.84성급,위치 아주 좋음
더큐브 리조트 제주,"서귀포, 대한민국",8.24성급
호텔 난타,"제주, 대한민국",8.64성급,위치 아주 좋음
더 베스트 제주 성산,"서귀포, 대한민국",7.94성급,위치 아주 좋음
한림리조트,"제주, 대한민국",8.8,위치 아주 좋음
서귀포 JS호텔,"서귀포, 대한민국",8.44성급,위치 아주 좋음
코델리아 S 호텔,"서귀포, 대한민국",7.63성급,위치 아주 좋음
호텔 케니 모슬포,"서귀포, 대한민국",8.43성급
훈데르트힐즈,"제주, 대한민국",평점없음
엠스테이 호텔 제주,"서귀포, 대한민국",7.84성급,음식이 맛있음
제주 센트럴시티호텔,"제주, 대한민국",7.73성급,객실상태 깨끗함
신신호텔 천지연,"서귀포, 대한민국",7.94성급
플레이스 캠프 제주,"서귀포, 대한민국",8.34성급,침대가 훌륭함
헤이 서귀포,"서귀포, 대한민국",7.93성급
유니호텔 제주,"제주, 대한민국",7.74성급,위치 아주 좋음
담모라 리조트,"서귀포, 대한민국",7.33성급
신신호텔 제주월드컵,"서귀포, 대한민국",7.74성급,충분한 주차 공간
라마다 바이 윈덤 제주 더 함덕,"제주, 대한민국",7.84성급,직원들이 친절함
베니키아 호텔 제주,"제주, 대한민국",7.53성급,음식이 훌륭함
신신호텔 서귀포,"서귀포, 대한민국",8.04성급
샐리스 제주 호텔,"제주, 대한민국",7.23성급
씨오르리조트,"서귀포, 대한민국",8.43성급
오션 팰리스 호텔,"서귀포, 대한민국",7.44성급,쇼핑하기 편리한 위치
제주 노블레스 관광호텔,"제주, 대한민국",7.83성급
호텔 빠레브,"서귀포, 대한민국",8.24성급,객실상태 깨끗함
오션블루 호텔,"서귀포, 대한민국",7.23성급
제주 썬호텔,"제주, 대한민국",8.85성급,위치 아주 좋음
블루 하와이 리조트,"제주, 대한민국",7.93성급,직원들이 친절함
호텔 화인 제주,"서귀포, 대한민국",9.24성급,객실상태 깨끗함
엠버 호텔 제주,"제주, 대한민국",8.54성급,직원들이 친절함
호텔더그랑 서귀포,"서귀포, 대한민국",10.03성급
호텔 삼해인,"제주, 대한민국",8.1
소랑 풀빌라,"제주, 대한민국",8.43성급
오션스타,"서귀포, 대한민국",평점없음
아루미호텔 협재점,"제주, 대한민국",8.03성급
호텔52,"서귀포, 대한민국",7.03성급,위치 아주 좋음
엘렌호텔,"서귀포, 대한민국",9.2
베이힐 풀&빌라,"서귀포, 대한민국",9.05성급,전망이 뛰어남
그랜드메르 호텔 제주,"서귀포, 대한민국",7.23성급,객실상태 깨끗함
코업시티호텔 하버뷰,"서귀포, 대한민국",8.14성급
골드원 호텔&스위트,"서귀포, 대한민국",8.64성급
제주 마레보 리조트,"제주, 대한민국",7.63성급
블루 하와이 호텔,"제주, 대한민국",7.7
씨사이드아덴,"서귀포, 대한민국",8.04성급
비스타케이 호텔 월드컵,"서귀포, 대한민국",7.94성급,객실이 넓음
기린빌라리조트 제주,"서귀포, 대한민국",9.04성급
펄 호텔 제주,"제주, 대한민국",6.93성급
돈내코힐 리조트,"서귀포, 대한민국",8.23성급,전망이 뛰어남
갤럭시 호텔,"제주, 대한민국",7.83성급
아로하 호텔,"서귀포, 대한민국",7.83성급,직원들이 친절함
호텔 앨리스 앤 트렁크,"제주, 대한민국",8.44성급
오션스퀘어 리조트,"서귀포, 대한민국",8.2
제주 메이 더 호텔,"제주, 대한민국",7.13성급,위치 아주 좋음
그림리조트,"제주, 대한민국",7.22성급,전망이 뛰어남
호텔 윈 스카이,"서귀포, 대한민국",8.33성급
제주 아이브 리조트,"서귀포, 대한민국",7.93성급,직원들이 친절함
메가 리조트,"제주, 대한민국",7.02성급
이스턴호텔제주,"서귀포, 대한민국",7.84성급,오션뷰
해와돌 바라기 펜션,"서귀포, 대한민국",9.83성급,음식이 맛있음
제주 오션그랜드 호텔,"제주, 대한민국",7.23성급,위치 아주 좋음
제주브릭스호텔,"서귀포, 대한민국",9.13성급
체크인 호텔,"제주, 대한민국",7.53성급,전망이 뛰어남
제주호텔더엠,"서귀포, 대한민국",8.0
씨앤 호텔,"제주, 대한민국",6.83성급
오투힐리조트,"제주, 대한민국",8.43성급
클럽이에스 제주리조트,"서귀포, 대한민국",8.4
제주 허브인 펜션,"제주, 대한민국",8.92성급
제주 리치 호텔,"제주, 대한민국",7.93성급,전망이 뛰어남
나인부띠끄호텔,"서귀포, 대한민국",8.23성급,객실이 넓음
브리즈 베이 호텔,"서귀포, 대한민국",8.33성급,객실상태 깨끗함
S 호텔 제주,"제주, 대한민국",6.63성급
제주 헬스케어 타운,"서귀포, 대한민국",7.63성급
베니키아 중문 호텔,"서귀포, 대한민국",8.33성급,객실상태 깨끗함
아루미호텔,"서귀포, 대한민국",8.33성급
파밀리아 호텔,"서귀포, 대한민국",8.43성급,위치 아주 좋음
제이 드림 호텔,"제주, 대한민국",7.83성급,직원들이 친절함
펠리시아,"서귀포, 대한민국",7.13성급
일성 제주비치 리조트,"제주, 대한민국",5.64성급
호텔 컬리넌 제주,"제주, 대한민국",7.32성급,직원들이 친절함
오크라 리조트,"서귀포, 대한민국",10.0
호텔 통 연동 제주,"제주, 대한민국",6.83성급
돌과 바람 리조트,"서귀포, 대한민국",평점없음2성급
제주애월리조트,"제주, 대한민국",평점없음2성급
리벤시아 호텔&풀빌라,"제주, 대한민국",8.83성급
하버 호텔,"제주, 대한민국",8.72성급,위치 아주 좋음
씨클리프호텔제주,"제주, 대한민국",7.63성급
호텔 윈스토리,"서귀포, 대한민국",8.23성급
썬라이즈 호텔,"서귀포, 대한민국",7.33성급,전망이 뛰어남
빨간풍차펜션,"제주, 대한민국",7.3,직원들이 친절함
제주 엠 리조트,"서귀포, 대한민국",8.83성급
취다선 리조트,"서귀포, 대한민국",8.9
호텔하루시다,"서귀포, 대한민국",9.5
홍익 제주 호텔,"제주, 대한민국",7.73성급
메모리아 리조트,"서귀포, 대한민국",6.6
호텔 오슬로,"제주, 대한민국",7.12성급
제주 신라 호텔,"서귀포, 대한민국",9.05성급,직원들이 친절함
롯데 호텔 제주,"서귀포, 대한민국",8.85성급,음식이 훌륭함
라마다 프라자 제주 호텔,"제주, 대한민국",8.25성급,직원들이 친절함
유탑 유블레스호텔,"제주, 대한민국",8.04성급,음식이 맛있음
베스트웨스턴 제주호텔,"제주, 대한민국",7.64성급,직원들이 친절함
라마다 제주 시티 호텔,"제주, 대한민국",8.14성급
해비치 호텔 & 리조트,"서귀포, 대한민국",8.65성급,객실상태 깨끗함
휘닉스 제주 섭지코지,"서귀포, 대한민국",7.84성급,위치 아주 좋음
더큐브 리조트 제주,"서귀포, 대한민국",8.24성급
호텔 난타,"제주, 대한민국",8.64성급,위치 아주 좋음
더 베스트 제주 성산,"서귀포, 대한민국",7.94성급,위치 아주 좋음
한림리조트,"제주, 대한민국",8.8,위치 아주 좋음
서귀포 JS호텔,"서귀포, 대한민국",8.44성급,객실상태 깨끗함
코델리아 S 호텔,"서귀포, 대한민국",7.63성급,위치 아주 좋음
호텔 케니 모슬포,"서귀포, 대한민국",8.43성급
훈데르트힐즈,"제주, 대한민국",평점없음
엠스테이 호텔 제주,"서귀포, 대한민국",7.84성급,쇼핑하기 편리한 위치
제주 센트럴시티호텔,"제주, 대한민국",7.73성급,객실상태 깨끗함
신신호텔 천지연,"서귀포, 대한민국",7.94성급
신신호텔 제주공항,"제주, 대한민국",7.64성급,직원들이 친절함
플레이스 캠프 제주,"서귀포, 대한민국",8.34성급,침대가 훌륭함
헤이 서귀포,"서귀포, 대한민국",7.93성급
유니호텔 제주,"제주, 대한민국",7.74성급,전망이 뛰어남
담모라 리조트,"서귀포, 대한민국",7.33성급
신신호텔 제주월드컵,"서귀포, 대한민국",7.74성급,충분한 주차 공간
라마다 바이 윈덤 제주 더 함덕,"제주, 대한민국",7.84성급,직원들이 친절함
베니키아 호텔 제주,"제주, 대한민국",7.53성급,음식이 훌륭함
신신호텔 서귀포,"서귀포, 대한민국",8.04성급
샐리스 제주 호텔,"제주, 대한민국",7.23성급
씨오르리조트,"서귀포, 대한민국",8.43성급
오션 팰리스 호텔,"서귀포, 대한민국",7.44성급,쇼핑하기 편리한 위치
제주 노블레스 관광호텔,"제주, 대한민국",7.83성급
호텔 빠레브,"서귀포, 대한민국",8.24성급,객실상태 깨끗함
위드시티호텔,"제주, 대한민국",7.2
오션블루 호텔,"서귀포, 대한민국",7.23성급
제주 썬호텔,"제주, 대한민국",8.85성급,위치 아주 좋음
블루 하와이 리조트,"제주, 대한민국",7.93성급,직원들이 친절함
호텔 화인 제주,"서귀포, 대한민국",9.24성급,객실상태 깨끗함
호텔더그랑 서귀포,"서귀포, 대한민국",10.03성급
호텔 삼해인,"제주, 대한민국",8.1
소랑 풀빌라,"제주, 대한민국",8.43성급
오션스타,"서귀포, 대한민국",평점없음
아루미호텔 협재점,"제주, 대한민국",8.03성급
호텔52,"서귀포, 대한민국",7.03성급,위치 아주 좋음
엘렌호텔,"서귀포, 대한민국",9.2
베이힐 풀&빌라,"서귀포, 대한민국",9.05성급,직원들이 친절함
흰수염 고래 리조트,"제주, 대한민국",8.53성급
그랜드메르 호텔 제주,"서귀포, 대한민국",7.23성급,위치 아주 좋음
코업시티호텔 하버뷰,"서귀포, 대한민국",8.14성급
골드원 호텔&스위트,"서귀포, 대한민국",8.64성급
제주 마레보 리조트,"제주, 대한민국",7.63성급
블루 하와이 호텔,"제주, 대한민국",7.7
씨사이드아덴,"서귀포, 대한민국",8.04성급
비스타케이 호텔 월드컵,"서귀포, 대한민국",7.94성급,수영장이 매우 좋음
기린빌라리조트 제주,"서귀포, 대한민국",9.04성급
펄 호텔 제주,"제주, 대한민국",6.93성급
돈내코힐 리조트,"서귀포, 대한민국",8.23성급,객실이 넓음
갤럭시 호텔,"제주, 대한민국",7.83성급
아로하 호텔,"서귀포, 대한민국",7.83성급,객실상태 깨끗함
호텔 앨리스 앤 트렁크,"제주, 대한민국",8.44성급
오션스퀘어 리조트,"서귀포, 대한민국",8.2
제주 메이 더 호텔,"제주, 대한민국",7.13성급,직원들이 친절함
그림리조트,"제주, 대한민국",7.22성급,객실이 넓음
호텔 윈 스카이,"서귀포, 대한민국",8.33성급
메가 리조트,"제주, 대한민국",7.02성급
이스턴호텔제주,"서귀포, 대한민국",7.84성급,오션뷰
해와돌 바라기 펜션,"서귀포, 대한민국",9.83성급,음식이 맛있음
제주 오션그랜드 호텔,"제주, 대한민국",7.23성급,위치 아주 좋음
제주브릭스호텔,"서귀포, 대한민국",9.13성급
체크인 호텔,"제주, 대한민국",7.53성급,전망이 뛰어남
제주호텔더엠,"서귀포, 대한민국",8.0
씨앤 호텔,"제주, 대한민국",6.83성급
오투힐리조트,"제주, 대한민국",8.43성급
클럽이에스 제주리조트,"서귀포, 대한민국",8.4
제주 허브인 펜션,"제주, 대한민국",8.92성급
제주 리치 호텔,"제주, 대한민국",7.93성급,전망이 뛰어남
나인부띠끄호텔,"서귀포, 대한민국",8.23성급,객실이 넓음
브리즈 베이 호텔,"서귀포, 대한민국",8.33성급,객실상태 깨끗함
S 호텔 제주,"제주, 대한민국",6.63성급
제주 헬스케어 타운,"서귀포, 대한민국",7.63성급
베니키아 중문 호텔,"서귀포, 대한민국",8.33성급,객실상태 깨끗함
아루미호텔,"서귀포, 대한민국",8.33성급
파밀리아 호텔,"서귀포, 대한민국",8.43성급,위치 아주 좋음
제이 드림 호텔,"제주, 대한민국",7.83성급,직원들이 친절함
펠리시아,"서귀포, 대한민국",7.13성급
일성 제주비치 리조트,"제주, 대한민국",5.64성급
호텔 컬리넌 제주,"제주, 대한민국",7.32성급,직원들이 친절함
오크라 리조트,"서귀포, 대한민국",10.0
호텔 통 연동 제주,"제주, 대한민국",6.83성급
돌과 바람 리조트,"서귀포, 대한민국",평점없음2성급
제주애월리조트,"제주, 대한민국",평점없음2성급
리벤시아 호텔&풀빌라,"제주, 대한민국",8.83성급
호텔에이치아이,"서귀포, 대한민국",8.04성급
씨클리프호텔제주,"제주, 대한민국",7.63성급
호텔 윈스토리,"서귀포, 대한민국",8.23성급
썬라이즈 호텔,"서귀포, 대한민국",7.33성급,전망이 뛰어남
빨간풍차펜션,"제주, 대한민국",7.3,직원들이 친절함
제주 엠 리조트,"서귀포, 대한민국",8.83성급
호텔하루시다,"서귀포, 대한민국",9.5
홍익 제주 호텔,"제주, 대한민국",7.73성급
제주 신라 호텔,"서귀포, 대한민국",9.05성급,직원들이 친절함
메종 글래드 제주,"제주, 대한민국",8.15성급,위치 아주 좋음
롯데 호텔 제주,"서귀포, 대한민국",8.85성급,음식이 훌륭함
라마다 프라자 제주 호텔,"제주, 대한민국",8.25성급,직원들이 친절함
유탑 유블레스호텔,"제주, 대한민국",8.04성급,음식이 맛있음
베스트웨스턴 제주호텔,"제주, 대한민국",7.64성급,직원들이 친절함
탐라스테이 호텔 제주,"제주, 대한민국",7.74성급,직원들이 친절함
라마다 제주 시티 호텔,"제주, 대한민국",8.14성급
해비치 호텔 & 리조트,"서귀포, 대한민국",8.65성급,객실상태 깨끗함
브라운 스위트 제주,"서귀포, 대한민국",7.34성급
서머셋 제주신화월드,"서귀포, 대한민국",8.65성급
휘닉스 제주 섭지코지,"서귀포, 대한민국",7.84성급,위치 아주 좋음
더큐브 리조트 제주,"서귀포, 대한민국",8.24성급
호텔 브릿지 서귀포,"서귀포, 대한민국",8.04성급,직원들이 친절함
호텔 난타,"제주, 대한민국",8.64성급,위치 아주 좋음
더 베스트 제주 성산,"서귀포, 대한민국",7.94성급,위치 아주 좋음
한림리조트,"제주, 대한민국",8.8,위치 아주 좋음
호텔 토스카나,"서귀포, 대한민국",9.05성급,직원들이 친절함
서귀포 JS호텔,"서귀포, 대한민국",8.44성급,위치 아주 좋음
코델리아 S 호텔,"서귀포, 대한민국",7.63성급,위치 아주 좋음
호텔 케니 모슬포,"서귀포, 대한민국",8.43성급
아스타 호텔,"제주, 대한민국",8.44성급,객실상태 깨끗함
골든데이지 서귀포오션 호텔,"서귀포, 대한민국",7.94성급,위치 아주 좋음
그라벨 호텔,"제주, 대한민국",8.14성급,직원들이 친절함
훈데르트힐즈,"제주, 대한민국",평점없음
엠스테이 호텔 제주,"서귀포, 대한민국",7.84성급,위치 아주 좋음
제주 센트럴시티호텔,"제주, 대한민국",7.73성급,객실상태 깨끗함
신신호텔 천지연,"서귀포, 대한민국",7.94성급
신신호텔 제주공항,"제주, 대한민국",7.64성급,객실상태 깨끗함
플레이스 캠프 제주,"서귀포, 대한민국",8.34성급,침대가 훌륭함
헤이 서귀포,"서귀포, 대한민국",7.93성급
제주 디 아일랜드 블루 호텔,"서귀포, 대한민국",8.14성급,객실이 넓음
산방산 호텔,"서귀포, 대한민국",8.53성급
유니호텔 제주,"제주, 대한민국",7.74성급,전망이 뛰어남
담모라 리조트,"서귀포, 대한민국",7.33성급
신신호텔 제주월드컵,"서귀포, 대한민국",7.74성급,충분한 주차 공간
제주 아리아 호텔,"서귀포, 대한민국",8.43성급,객실상태 깨끗함
라마다 바이 윈덤 제주 더 함덕,"제주, 대한민국",7.84성급,직원들이 친절함
베니키아 호텔 제주,"제주, 대한민국",7.53성급,음식이 훌륭함
신신호텔 서귀포,"서귀포, 대한민국",8.04성급
샐리스 제주 호텔,"제주, 대한민국",7.23성급
퍼스트70 호텔,"서귀포, 대한민국",8.14성급
씨오르리조트,"서귀포, 대한민국",8.43성급
오션 팰리스 호텔,"서귀포, 대한민국",7.44성급,객실이 넓음
제주 노블레스 관광호텔,"제주, 대한민국",7.83성급
호텔 빠레브,"서귀포, 대한민국",8.24성급,객실상태 깨끗함
위드시티호텔,"제주, 대한민국",7.2
오션블루 호텔,"서귀포, 대한민국",7.23성급
제주 썬호텔,"제주, 대한민국",8.85성급,위치 아주 좋음
블루 하와이 리조트,"제주, 대한민국",7.93성급,직원들이 친절함
호텔 화인 제주,"서귀포, 대한민국",9.24성급,객실상태 깨끗함
호텔 스카이파크 제주 1호점,"제주, 대한민국",7.83성급,위치 아주 좋음
호텔더그랑 서귀포,"서귀포, 대한민국",10.03성급
호텔 삼해인,"제주, 대한민국",8.1
소랑 풀빌라,"제주, 대한민국",8.43성급
오션스타,"서귀포, 대한민국",평점없음
아루미호텔 협재점,"제주, 대한민국",8.03성급
호텔52,"서귀포, 대한민국",7.03성급,위치 아주 좋음
마레보 비치호텔,"제주, 대한민국",8.53성급
엘렌호텔,"서귀포, 대한민국",9.2
베이힐 풀&빌라,"서귀포, 대한민국",9.05성급,전망이 뛰어남
제주 부영 리조트,"서귀포, 대한민국",8.7
흰수염 고래 리조트,"제주, 대한민국",8.53성급
그랜드메르 호텔 제주,"서귀포, 대한민국",7.23성급,객실상태 깨끗함
BK호텔 제주,"서귀포, 대한민국",8.53성급,직원들이 친절함
코업시티호텔 하버뷰,"서귀포, 대한민국",8.14성급
골드원 호텔&스위트,"서귀포, 대한민국",8.64성급
제주 샹그릴라 호텔앤리조트,"제주, 대한민국",7.83성급
제주 마레보 리조트,"제주, 대한민국",7.63성급
오션갤러리 호텔앤리조트,"서귀포, 대한민국",9.43성급
블루 하와이 호텔,"제주, 대한민국",7.7
씨사이드아덴,"서귀포, 대한민국",8.04성급
담앤루 리조트,"서귀포, 대한민국",8.23성급,위치 아주 좋음
비스타케이 호텔 월드컵,"서귀포, 대한민국",7.94성급,객실이 넓음
기린빌라리조트 제주,"서귀포, 대한민국",9.04성급
펄 호텔 제주,"제주, 대한민국",6.93성급
돈내코힐 리조트,"서귀포, 대한민국",8.23성급,전망이 뛰어남
갤럭시 호텔,"제주, 대한민국",7.83성급
아로하 호텔,"서귀포, 대한민국",7.83성급,직원들이 친절함
호텔 앨리스 앤 트렁크,"제주, 대한민국",8.44성급
오션스퀘어 리조트,"서귀포, 대한민국",8.2
제주 메이 더 호텔,"제주, 대한민국",7.13성급,위치 아주 좋음
그림리조트,"제주, 대한민국",7.22성급,전망이 뛰어남
호텔 윈 스카이,"서귀포, 대한민국",8.33성급
호텔스카브로,"서귀포, 대한민국",8.44성급
메가 리조트,"제주, 대한민국",7.02성급
이스턴호텔제주,"서귀포, 대한민국",7.84성급,오션뷰
해와돌 바라기 펜션,"서귀포, 대한민국",9.83성급,음식이 맛있음
제주 오션그랜드 호텔,"제주, 대한민국",7.23성급,위치 아주 좋음
제주브릭스호텔,"서귀포, 대한민국",9.13성급
체크인 호텔,"제주, 대한민국",7.53성급,전망이 뛰어남
제주호텔더엠,"서귀포, 대한민국",8.0
호텔더그랑 중문,"서귀포, 대한민국",8.62성급,위치 아주 좋음
씨앤 호텔,"제주, 대한민국",6.83성급
오투힐리조트,"제주, 대한민국",8.43성급
클럽이에스 제주리조트,"서귀포, 대한민국",8.4
제주 허브인 펜션,"제주, 대한민국",8.92성급
제주 리치 호텔,"제주, 대한민국",7.93성급,전망이 뛰어남
나인부띠끄호텔,"서귀포, 대한민국",8.23성급,객실이 넓음
브리즈 베이 호텔,"서귀포, 대한민국",8.33성급,객실상태 깨끗함
파르나스 호텔 제주,"서귀포, 대한민국",9.25성급
제주 신라 호텔,"서귀포, 대한민국",9.05성급,직원들이 친절함
랜딩관 제주신화월드 호텔앤리조트,"서귀포, 대한민국",8.35성급
메종 글래드 제주,"제주, 대한민국",8.15성급,위치 아주 좋음
롯데 호텔 제주,"서귀포, 대한민국",8.85성급,음식이 훌륭함
라마다 프라자 제주 호텔,"제주, 대한민국",8.25성급,직원들이 친절함
유탑 유블레스호텔,"제주, 대한민국",8.04성급,음식이 맛있음
에코랜드 호텔,"제주, 대한민국",8.6
베스트웨스턴 제주호텔,"제주, 대한민국",7.64성급,직원들이 친절함
탐라스테이 호텔 제주,"제주, 대한민국",7.74성급,직원들이 친절함
라마다 제주 시티 호텔,"제주, 대한민국",8.14성급
해비치 호텔 & 리조트,"서귀포, 대한민국",8.65성급,객실상태 깨끗함
브라운 스위트 제주,"서귀포, 대한민국",7.34성급
서머셋 제주신화월드,"서귀포, 대한민국",8.65성급
휘닉스 제주 섭지코지,"서귀포, 대한민국",7.84성급,위치 아주 좋음
더큐브 리조트 제주,"서귀포, 대한민국",8.24성급
호텔 브릿지 서귀포,"서귀포, 대한민국",8.04성급,직원들이 친절함
호텔 난타,"제주, 대한민국",8.64성급,위치 아주 좋음
더 베스트 제주 성산,"서귀포, 대한민국",7.94성급,위치 아주 좋음
한림리조트,"제주, 대한민국",8.8,위치 아주 좋음
메리어트관 제주신화월드 호텔앤리조트,"서귀포, 대한민국",8.45성급
호텔 토스카나,"서귀포, 대한민국",9.05성급,객실이 넓음
서귀포 JS호텔,"서귀포, 대한민국",8.44성급,직원들이 친절함
코델리아 S 호텔,"서귀포, 대한민국",7.63성급,위치 아주 좋음
호텔 케니 모슬포,"서귀포, 대한민국",8.43성급
아스타 호텔,"제주, 대한민국",8.44성급,위치 아주 좋음
골든데이지 서귀포오션 호텔,"서귀포, 대한민국",7.94성급,객실상태 깨끗함
그라벨 호텔,"제주, 대한민국",8.14성급,음식이 맛있음
훈데르트힐즈,"제주, 대한민국",평점없음
엠스테이 호텔 제주,"서귀포, 대한민국",7.84성급,음식이 맛있음
제주 센트럴시티호텔,"제주, 대한민국",7.73성급,객실상태 깨끗함
신신호텔 천지연,"서귀포, 대한민국",7.94성급
플레이스 캠프 제주,"서귀포, 대한민국",8.34성급,침대가 훌륭함
헤이 서귀포,"서귀포, 대한민국",7.93성급
캠퍼트리 호텔 앤 리조트,"제주, 대한민국",8.44성급
제주 디 아일랜드 블루 호텔,"서귀포, 대한민국",8.14성급,직원들이 친절함
유니호텔 제주,"제주, 대한민국",7.74성급,위치 아주 좋음
스위트 호텔 제주,"서귀포, 대한민국",8.35성급,객실상태 깨끗함
담모라 리조트,"서귀포, 대한민국",7.33성급
엠버퓨어힐호텔&리조트,"제주, 대한민국",9.25성급
신신호텔 제주월드컵,"서귀포, 대한민국",7.74성급,위치 아주 좋음
벨룸 리조트,"서귀포, 대한민국",8.85성급
오션스위츠 제주 호텔,"제주, 대한민국",8.14성급,위치 아주 좋음
제주 아리아 호텔,"서귀포, 대한민국",8.43성급,침대가 편안함
라마다 바이 윈덤 제주 더 함덕,"제주, 대한민국",7.84성급,위치 아주 좋음
파크 선샤인 제주,"서귀포, 대한민국",8.93성급,직원들이 친절함
베니키아 호텔 제주,"제주, 대한민국",7.53성급,음식이 훌륭함
호텔 더 원,"제주, 대한민국",7.44성급,침대가 편안함
신신호텔 서귀포,"서귀포, 대한민국",8.04성급
샐리스 제주 호텔,"제주, 대한민국",7.23성급
퍼스트70 호텔,"서귀포, 대한민국",8.14성급
오션 팰리스 호텔,"서귀포, 대한민국",7.44성급,위치 아주 좋음
제주 노블레스 관광호텔,"제주, 대한민국",7.83성급
호텔 빠레브,"서귀포, 대한민국",8.24성급,전망이 뛰어남
위드시티호텔,"제주, 대한민국",7.2
오션블루 호텔,"서귀포, 대한민국",7.23성급
제주 썬호텔,"제주, 대한민국",8.85성급,음식이 맛있음
블루 하와이 리조트,"제주, 대한민국",7.93성급,직원들이 친절함
머큐어 앰배서더 제주,"서귀포, 대한민국",8.5,위치 아주 좋음
호텔 화인 제주,"서귀포, 대한민국",9.24성급,객실상태 깨끗함
호텔 스카이파크 제주 1호점,"제주, 대한민국",7.83성급,객실상태 깨끗함
호텔더그랑 서귀포,"서귀포, 대한민국",10.03성급
탑스텐 빌라 드 애월,"제주, 대한민국",8.24성급,전망이 뛰어남
호텔 삼해인,"제주, 대한민국",8.1
소랑 풀빌라,"제주, 대한민국",8.43성급
오션스타,"서귀포, 대한민국",평점없음
아루미호텔 협재점,"제주, 대한민국",8.03성급
호텔52,"서귀포, 대한민국",7.03성급,위치 아주 좋음
마레보 비치호텔,"제주, 대한민국",8.53성급
엘렌호텔,"서귀포, 대한민국",9.2
베이힐 풀&빌라,"서귀포, 대한민국",9.05성급,음식이 훌륭함
제주 부영 리조트,"서귀포, 대한민국",8.7
다인 오세아노 호텔,"제주, 대한민국",8.14성급
흰수염 고래 리조트,"제주, 대한민국",8.53성급
그랜드메르 호텔 제주,"서귀포, 대한민국",7.23성급,직원들이 친절함
BK호텔 제주,"서귀포, 대한민국",8.53성급,위치 아주 좋음
코업시티호텔 하버뷰,"서귀포, 대한민국",8.14성급
라온 호텔 앤 리조트,"제주, 대한민국",6.83성급
골드원 호텔&스위트,"서귀포, 대한민국",8.64성급
제주 샹그릴라 호텔앤리조트,"제주, 대한민국",7.83성급
제주 마레보 리조트,"제주, 대한민국",7.63성급
제주 노블피아 호텔,"서귀포, 대한민국",8.6
오션갤러리 호텔앤리조트,"서귀포, 대한민국",9.43성급
올레 리조트,"제주, 대한민국",8.83성급,욕실이 쾌적함
블루스프링부띠끄호텔,"제주, 대한민국",7.13성급
블루 하와이 호텔,"제주, 대한민국",7.7
씨사이드아덴,"서귀포, 대한민국",8.04성급
한화 리조트 제주,"제주, 대한민국",7.83성급
담앤루 리조트,"서귀포, 대한민국",8.23성급,객실상태 깨끗함
기린빌라리조트 제주,"서귀포, 대한민국",9.04성급
펄 호텔 제주,"제주, 대한민국",6.93성급
에코그린 리조트,"제주, 대한민국",7.93성급,전망이 뛰어남
돈내코힐 리조트,"서귀포, 대한민국",8.23성급,직원들이 친절함
갤럭시 호텔,"제주, 대한민국",7.83성급
켄싱턴리조트 서귀포,"서귀포, 대한민국",8.13성급,직원들이 친절함
아로하 호텔,"서귀포, 대한민국",7.83성급,위치 아주 좋음
호텔 앨리스 앤 트렁크,"제주, 대한민국",8.44성급
오션스퀘어 리조트,"서귀포, 대한민국",8.2
그림리조트,"제주, 대한민국",7.22성급,전망이 뛰어남
티아일랜드 펜션,"서귀포, 대한민국",7.63성급,직원들이 친절함
파르나스 호텔 제주,"서귀포, 대한민국",9.25성급
제주 신라 호텔,"서귀포, 대한민국",9.05성급,직원들이 친절함
랜딩관 제주신화월드 호텔앤리조트,"서귀포, 대한민국",8.35성급
메종 글래드 제주,"제주, 대한민국",8.15성급,위치 아주 좋음
라마다 프라자 제주 호텔,"제주, 대한민국",8.25성급,직원들이 친절함
유탑 유블레스호텔,"제주, 대한민국",8.04성급,음식이 맛있음
에코랜드 호텔,"제주, 대한민국",8.6
베스트웨스턴 제주호텔,"제주, 대한민국",7.64성급,직원들이 친절함
탐라스테이 호텔 제주,"제주, 대한민국",7.74성급,직원들이 친절함
라마다 제주 시티 호텔,"제주, 대한민국",8.14성급
신화관 제주신화월드 호텔앤리조트,"서귀포, 대한민국",8.35성급
해비치 호텔 & 리조트,"서귀포, 대한민국",8.65성급,객실상태 깨끗함
브라운 스위트 제주,"서귀포, 대한민국",7.34성급
서머셋 제주신화월드,"서귀포, 대한민국",8.65성급
휘닉스 제주 섭지코지,"서귀포, 대한민국",7.84성급,위치 아주 좋음
더큐브 리조트 제주,"서귀포, 대한민국",8.24성급
호텔 시리우스,"제주, 대한민국",8.34성급
호텔 난타,"제주, 대한민국",8.64성급,위치 아주 좋음
더 베스트 제주 성산,"서귀포, 대한민국",7.94성급,위치 아주 좋음
한림리조트,"제주, 대한민국",8.8,위치 아주 좋음
메리어트관 제주신화월드 호텔앤리조트,"서귀포, 대한민국",8.45성급
호텔 토스카나,"서귀포, 대한민국",9.05성급,직원들이 친절함
서귀포 JS호텔,"서귀포, 대한민국",8.44성급,위치 아주 좋음
호텔 샬롬 제주,"제주, 대한민국",7.94성급,직원들이 친절함
제주 항공우주 호텔,"서귀포, 대한민국",8.44성급,위치 아주 좋음
코델리아 S 호텔,"서귀포, 대한민국",7.63성급,위치 아주 좋음
함덕비치스테이제주,"제주, 대한민국",8.2
호텔 케니 모슬포,"서귀포, 대한민국",8.43성급
더 그랜드 섬오름,"서귀포, 대한민국",8.34성급,객실상태 깨끗함
아스타 호텔,"제주, 대한민국",8.44성급,위치 아주 좋음
골든데이지 서귀포오션 호텔,"서귀포, 대한민국",7.94성급,객실상태 깨끗함
스타즈 호텔 제주 로베로점,"제주, 대한민국",8.03성급,쇼핑하기 편리한 위치
그라벨 호텔,"제주, 대한민국",8.14성급,음식이 맛있음
훈데르트힐즈,"제주, 대한민국",평점없음
글로스터 호텔 제주,"제주, 대한민국",8.34성급
엠스테이 호텔 제주,"서귀포, 대한민국",7.84성급,음식이 맛있음
제주 센트럴시티호텔,"제주, 대한민국",7.73성급,객실상태 깨끗함
플레이스 캠프 제주,"서귀포, 대한민국",8.34성급,침대가 훌륭함
헤이 서귀포,"서귀포, 대한민국",7.93성급
루체빌,"서귀포, 대한민국",8.43성급
까사로마 호텔,"서귀포, 대한민국",8.83성급,객실이 넓음
캠퍼트리 호텔 앤 리조트,"제주, 대한민국",8.44성급
제주 디 아일랜드 블루 호텔,"서귀포, 대한민국",8.14성급,직원들이 친절함
유니호텔 제주,"제주, 대한민국",7.74성급,위치 아주 좋음
코업시티호텔 성산,"서귀포, 대한민국",7.94성급,위치 아주 좋음
스위트 호텔 제주,"서귀포, 대한민국",8.35성급,객실상태 깨끗함
담모라 리조트,"서귀포, 대한민국",7.33성급
엠버퓨어힐호텔&리조트,"제주, 대한민국",9.25성급
신신호텔 제주월드컵,"서귀포, 대한민국",7.74성급,위치 아주 좋음
벨룸 리조트,"서귀포, 대한민국",8.85성급
오션스위츠 제주 호텔,"제주, 대한민국",8.14성급,위치 아주 좋음
제주 아리아 호텔,"서귀포, 대한민국",8.43성급,침대가 편안함
라마다 바이 윈덤 제주 더 함덕,"제주, 대한민국",7.84성급,위치 아주 좋음
파크 선샤인 제주,"서귀포, 대한민국",8.93성급,직원들이 친절함
베니키아 호텔 제주,"제주, 대한민국",7.53성급,음식이 훌륭함
신신호텔 서귀포,"서귀포, 대한민국",8.04성급
샐리스 제주 호텔,"제주, 대한민국",7.23성급
퍼스트70 호텔,"서귀포, 대한민국",8.14성급
아이미제주비치호텔,"제주, 대한민국",7.23성급,빠른 체크인
오션 팰리스 호텔,"서귀포, 대한민국",7.44성급,위치 아주 좋음
제주 노블레스 관광호텔,"제주, 대한민국",7.83성급
애월 스테이 인 제주,"제주, 대한민국",8.62성급
오션블루 호텔,"서귀포, 대한민국",7.23성급
제주 썬호텔,"제주, 대한민국",8.85성급,음식이 맛있음
블루 하와이 리조트,"제주, 대한민국",7.93성급,직원들이 친절함
머큐어 앰배서더 제주,"서귀포, 대한민국",8.5,위치 아주 좋음
호텔 화인 제주,"서귀포, 대한민국",9.24성급,객실상태 깨끗함
호텔 스카이파크 제주 1호점,"제주, 대한민국",7.83성급,객실상태 깨끗함
호텔더그랑 서귀포,"서귀포, 대한민국",10.03성급
탑스텐 빌라 드 애월,"제주, 대한민국",8.24성급,전망이 뛰어남
호텔 삼해인,"제주, 대한민국",8.1
소랑 풀빌라,"제주, 대한민국",8.43성급
오션스타,"서귀포, 대한민국",평점없음
아루미호텔 협재점,"제주, 대한민국",8.03성급
호텔52,"서귀포, 대한민국",7.03성급,위치 아주 좋음
마레보 비치호텔,"제주, 대한민국",8.53성급
엘렌호텔,"서귀포, 대한민국",9.2
베이힐 풀&빌라,"서귀포, 대한민국",9.05성급,음식이 훌륭함
다인 오세아노 호텔,"제주, 대한민국",8.14성급
흰수염 고래 리조트,"제주, 대한민국",8.53성급
그랜드메르 호텔 제주,"서귀포, 대한민국",7.23성급,위치 아주 좋음
BK호텔 제주,"서귀포, 대한민국",8.53성급,객실이 넓음
스테이 인 제주,"서귀포, 대한민국",평점없음3성급
코업시티호텔 하버뷰,"서귀포, 대한민국",8.14성급
라온 호텔 앤 리조트,"제주, 대한민국",6.83성급
에벤에셀호텔,"제주, 대한민국",8.5
골드원 호텔&스위트,"서귀포, 대한민국",8.64성급
제주 샹그릴라 호텔앤리조트,"제주, 대한민국",7.83성급
제주 마레보 리조트,"제주, 대한민국",7.63성급
제주 노블피아 호텔,"서귀포, 대한민국",8.6
오션갤러리 호텔앤리조트,"서귀포, 대한민국",9.43성급
올레 리조트,"제주, 대한민국",8.83성급,욕실이 쾌적함
블루스프링부띠끄호텔,"제주, 대한민국",7.13성급
블루 하와이 호텔,"제주, 대한민국",7.7
씨사이드아덴,"서귀포, 대한민국",8.04성급
담앤루 리조트,"서귀포, 대한민국",8.23성급,위치 아주 좋음
기린빌라리조트 제주,"서귀포, 대한민국",9.04성급
펄 호텔 제주,"제주, 대한민국",6.93성급
에코그린 리조트,"제주, 대한민국",7.93성급,음식이 훌륭함
돈내코힐 리조트,"서귀포, 대한민국",8.23성급,전망이 뛰어남
파르나스 호텔 제주,"서귀포, 대한민국",9.25성급
제주 신라 호텔,"서귀포, 대한민국",9.05성급,직원들이 친절함
랜딩관 제주신화월드 호텔앤리조트,"서귀포, 대한민국",8.35성급
메종 글래드 제주,"제주, 대한민국",8.15성급,위치 아주 좋음
라마다 프라자 제주 호텔,"제주, 대한민국",8.25성급,직원들이 친절함
유탑 유블레스호텔,"제주, 대한민국",8.04성급,음식이 맛있음
그랜드 조선 제주,"서귀포, 대한민국",8.95성급
에코랜드 호텔,"제주, 대한민국",8.6
호텔 휘슬락 바이 베스트웨스턴 시그니처 컬렉션,"제주, 대한민국",7.74성급,위치 아주 좋음
베스트웨스턴 제주호텔,"제주, 대한민국",7.64성급,직원들이 친절함
탐라스테이 호텔 제주,"제주, 대한민국",7.74성급,직원들이 친절함
라마다 제주 시티 호텔,"제주, 대한민국",8.14성급
신화관 제주신화월드 호텔앤리조트,"서귀포, 대한민국",8.35성급
해비치 호텔 & 리조트,"서귀포, 대한민국",8.65성급,객실상태 깨끗함
브라운 스위트 제주,"서귀포, 대한민국",7.34성급
서머셋 제주신화월드,"서귀포, 대한민국",8.65성급
휘닉스 제주 섭지코지,"서귀포, 대한민국",7.84성급,위치 아주 좋음
더큐브 리조트 제주,"서귀포, 대한민국",8.24성급
호텔 시리우스,"제주, 대한민국",8.34성급
호텔 난타,"제주, 대한민국",8.64성급,위치 아주 좋음
더 베스트 제주 성산,"서귀포, 대한민국",7.94성급,직원들이 친절함
한림리조트,"제주, 대한민국",8.8,전망이 뛰어남
메리어트관 제주신화월드 호텔앤리조트,"서귀포, 대한민국",8.45성급
서귀포 JS호텔,"서귀포, 대한민국",8.44성급,객실상태 깨끗함
호텔 샬롬 제주,"제주, 대한민국",7.94성급,객실상태 훌륭함
제주 항공우주 호텔,"서귀포, 대한민국",8.44성급,객실상태 깨끗함
코델리아 S 호텔,"서귀포, 대한민국",7.63성급,위치 아주 좋음
함덕비치스테이제주,"제주, 대한민국",8.2
호텔 케니 모슬포,"서귀포, 대한민국",8.43성급
더 그랜드 섬오름,"서귀포, 대한민국",8.34성급,오션뷰
아스타 호텔,"제주, 대한민국",8.44성급,직원들이 친절함
골든데이지 서귀포오션 호텔,"서귀포, 대한민국",7.94성급,충분한 주차 공간
스타즈 호텔 제주 로베로점,"제주, 대한민국",8.03성급,위치 아주 좋음
그라벨 호텔,"제주, 대한민국",8.14성급,객실상태 깨끗함
훈데르트힐즈,"제주, 대한민국",평점없음
글로스터 호텔 제주,"제주, 대한민국",8.34성급
엠스테이 호텔 제주,"서귀포, 대한민국",7.84성급,쇼핑하기 편리한 위치
제주 센트럴시티호텔,"제주, 대한민국",7.73성급,객실상태 깨끗함
플레이스 캠프 제주,"서귀포, 대한민국",8.34성급,침대가 훌륭함
헤이 서귀포,"서귀포, 대한민국",7.93성급
까사로마 호텔,"서귀포, 대한민국",8.83성급,객실이 넓음
캠퍼트리 호텔 앤 리조트,"제주, 대한민국",8.44성급
제주 디 아일랜드 블루 호텔,"서귀포, 대한민국",8.14성급,객실이 넓음
유니호텔 제주,"제주, 대한민국",7.74성급,전망이 뛰어남
코업시티호텔 성산,"서귀포, 대한민국",7.94성급,맛있는 아침식사
스위트 호텔 제주,"서귀포, 대한민국",8.35성급,위치 아주 좋음
엠버퓨어힐호텔&리조트,"제주, 대한민국",9.25성급
신신호텔 제주월드컵,"서귀포, 대한민국",7.74성급,충분한 주차 공간
벨룸 리조트,"서귀포, 대한민국",8.85성급
오션스위츠 제주 호텔,"제주, 대한민국",8.14성급,객실이 넓음
WE호텔 제주,"서귀포, 대한민국",8.55성급,위치 아주 좋음
제주 아리아 호텔,"서귀포, 대한민국",8.43성급,객실상태 깨끗함
라마다 바이 윈덤 제주 더 함덕,"제주, 대한민국",7.84성급,직원들이 친절함
파크 선샤인 제주,"서귀포, 대한민국",8.93성급,위치 아주 좋음
베니키아 호텔 제주,"제주, 대한민국",7.53성급,음식이 훌륭함
신신호텔 서귀포,"서귀포, 대한민국",8.04성급
샐리스 제주 호텔,"제주, 대한민국",7.23성급
퍼스트70 호텔,"서귀포, 대한민국",8.14성급
아이미제주비치호텔,"제주, 대한민국",7.23성급,직원들이 친절함
오션 팰리스 호텔,"서귀포, 대한민국",7.44성급,쇼핑하기 편리한 위치
제주 노블레스 관광호텔,"제주, 대한민국",7.83성급
애월 스테이 인 제주,"제주, 대한민국",8.62성급
오션블루 호텔,"서귀포, 대한민국",7.23성급
제주 썬호텔,"제주, 대한민국",8.85성급,직원들이 친절함
블루 하와이 리조트,"제주, 대한민국",7.93성급,위치 아주 좋음
머큐어 앰배서더 제주,"서귀포, 대한민국",8.5,객실상태 깨끗함
호텔 화인 제주,"서귀포, 대한민국",9.24성급,객실상태 깨끗함
호텔 스카이파크 제주 1호점,"제주, 대한민국",7.83성급,쇼핑하기 편리한 위치
호텔더그랑 서귀포,"서귀포, 대한민국",10.03성급
탑스텐 빌라 드 애월,"제주, 대한민국",8.24성급,맛있는 아침식사
호텔 삼해인,"제주, 대한민국",8.1
소랑 풀빌라,"제주, 대한민국",8.43성급
오션스타,"서귀포, 대한민국",평점없음
아루미호텔 협재점,"제주, 대한민국",8.03성급
호텔52,"서귀포, 대한민국",7.03성급,위치 아주 좋음
마레보 비치호텔,"제주, 대한민국",8.53성급
엘렌호텔,"서귀포, 대한민국",9.2
베이힐 풀&빌라,"서귀포, 대한민국",9.05성급,직원들이 친절함
다인 오세아노 호텔,"제주, 대한민국",8.14성급
흰수염 고래 리조트,"제주, 대한민국",8.53성급
그랜드메르 호텔 제주,"서귀포, 대한민국",7.23성급,객실상태 깨끗함
BK호텔 제주,"서귀포, 대한민국",8.53성급,직원들이 친절함
코업시티호텔 하버뷰,"서귀포, 대한민국",8.14성급
라온 호텔 앤 리조트,"제주, 대한민국",6.83성급
에벤에셀호텔,"제주, 대한민국",8.5
골드원 호텔&스위트,"서귀포, 대한민국",8.64성급
제주 샹그릴라 호텔앤리조트,"제주, 대한민국",7.83성급
제주 마레보 리조트,"제주, 대한민국",7.63성급
제주 노블피아 호텔,"서귀포, 대한민국",8.6
오션갤러리 호텔앤리조트,"서귀포, 대한민국",9.43성급
올레 리조트,"제주, 대한민국",8.83성급,욕실이 쾌적함
블루스프링부띠끄호텔,"제주, 대한민국",7.13성급
블루 하와이 호텔,"제주, 대한민국",7.7
씨사이드아덴,"서귀포, 대한민국",8.04성급
담앤루 리조트,"서귀포, 대한민국",8.23성급,위치 아주 좋음
기린빌라리조트 제주,"서귀포, 대한민국",9.04성급
펄 호텔 제주,"제주, 대한민국",6.93성급
에코그린 리조트,"제주, 대한민국",7.93성급,음식이 훌륭함
돈내코힐 리조트,"서귀포, 대한민국",8.23성급,전망이 뛰어남
켄싱턴리조트 서귀포,"서귀포, 대한민국",8.13성급,객실상태 깨끗함
파르나스 호텔 제주,"서귀포, 대한민국",9.25성급
제주 신라 호텔,"서귀포, 대한민국",9.05성급,직원들이 친절함
랜딩관 제주신화월드 호텔앤리조트,"서귀포, 대한민국",8.35성급
메종 글래드 제주,"제주, 대한민국",8.15성급,위치 아주 좋음
라마다 프라자 제주 호텔,"제주, 대한민국",8.25성급,직원들이 친절함
유탑 유블레스호텔,"제주, 대한민국",8.04성급,음식이 맛있음
에코랜드 호텔,"제주, 대한민국",8.6
베스트웨스턴 제주호텔,"제주, 대한민국",7.64성급,직원들이 친절함
탐라스테이 호텔 제주,"제주, 대한민국",7.74성급,직원들이 친절함
라마다 제주 시티 호텔,"제주, 대한민국",8.14성급
신화관 제주신화월드 호텔앤리조트,"서귀포, 대한민국",8.35성급
해비치 호텔 & 리조트,"서귀포, 대한민국",8.65성급,객실상태 깨끗함
브라운 스위트 제주,"서귀포, 대한민국",7.34성급
서머셋 제주신화월드,"서귀포, 대한민국",8.65성급
휘닉스 제주 섭지코지,"서귀포, 대한민국",7.84성급,위치 아주 좋음
더큐브 리조트 제주,"서귀포, 대한민국",8.24성급
호텔 시리우스,"제주, 대한민국",8.34성급
호텔 난타,"제주, 대한민국",8.64성급,위치 아주 좋음
더 베스트 제주 성산,"서귀포, 대한민국",7.94성급,위치 아주 좋음
한림리조트,"제주, 대한민국",8.8,위치 아주 좋음
메리어트관 제주신화월드 호텔앤리조트,"서귀포, 대한민국",8.45성급
서귀포 JS호텔,"서귀포, 대한민국",8.44성급,직원들이 친절함
호텔 샬롬 제주,"제주, 대한민국",7.94성급,위치 아주 좋음
코델리아 S 호텔,"서귀포, 대한민국",7.63성급,위치 아주 좋음
호텔 케니 모슬포,"서귀포, 대한민국",8.43성급
더 그랜드 섬오름,"서귀포, 대한민국",8.34성급,수영장이 매우 좋음
아스타 호텔,"제주, 대한민국",8.44성급,객실상태 깨끗함
골든데이지 서귀포오션 호텔,"서귀포, 대한민국",7.94성급,위치 아주 좋음
스타즈 호텔 제주 로베로점,"제주, 대한민국",8.03성급,객실상태 깨끗함
그라벨 호텔,"제주, 대한민국",8.14성급,직원들이 친절함
훈데르트힐즈,"제주, 대한민국",평점없음
글로스터 호텔 제주,"제주, 대한민국",8.34성급
엠스테이 호텔 제주,"서귀포, 대한민국",7.84성급,위치 아주 좋음
제주 센트럴시티호텔,"제주, 대한민국",7.73성급,객실상태 깨끗함
신신호텔 제주공항,"제주, 대한민국",7.64성급,객실상태 깨끗함
플레이스 캠프 제주,"서귀포, 대한민국",8.34성급,침대가 훌륭함
헤이 서귀포,"서귀포, 대한민국",7.93성급
루체빌,"서귀포, 대한민국",8.43성급
까사로마 호텔,"서귀포, 대한민국",8.83성급,객실이 넓음
캠퍼트리 호텔 앤 리조트,"제주, 대한민국",8.44성급
유니호텔 제주,"제주, 대한민국",7.74성급,전망이 뛰어남
코업시티호텔 성산,"서귀포, 대한민국",7.94성급,맛있는 아침식사
스위트 호텔 제주,"서귀포, 대한민국",8.35성급,위치 아주 좋음
엠버퓨어힐호텔&리조트,"제주, 대한민국",9.25성급
신신호텔 제주월드컵,"서귀포, 대한민국",7.74성급,충분한 주차 공간
오션스위츠 제주 호텔,"제주, 대한민국",8.14성급,객실이 넓음
WE호텔 제주,"서귀포, 대한민국",8.55성급,위치 아주 좋음
제주 아리아 호텔,"서귀포, 대한민국",8.43성급,객실상태 깨끗함
라마다 바이 윈덤 제주 더 함덕,"제주, 대한민국",7.84성급,직원들이 친절함
파크 선샤인 제주,"서귀포, 대한민국",8.93성급,위치 아주 좋음
베니키아 호텔 제주,"제주, 대한민국",7.53성급,음식이 훌륭함
신신호텔 서귀포,"서귀포, 대한민국",8.04성급
샐리스 제주 호텔,"제주, 대한민국",7.23성급
퍼스트70 호텔,"서귀포, 대한민국",8.14성급
아이미제주비치호텔,"제주, 대한민국",7.23성급,직원들이 친절함
오션 팰리스 호텔,"서귀포, 대한민국",7.44성급,쇼핑하기 편리한 위치
제주 노블레스 관광호텔,"제주, 대한민국",7.83성급
금호 제주 리조트,"서귀포, 대한민국",7.44성급,위치 아주 좋음
애월 스테이 인 제주,"제주, 대한민국",8.62성급
오션블루 호텔,"서귀포, 대한민국",7.23성급
제주 썬호텔,"제주, 대한민국",8.85성급,위치 아주 좋음
블루 하와이 리조트,"제주, 대한민국",7.93성급,직원들이 친절함
머큐어 앰배서더 제주,"서귀포, 대한민국",8.5,침대가 편안함
호텔 화인 제주,"서귀포, 대한민국",9.24성급,객실상태 깨끗함
호텔 스카이파크 제주 1호점,"제주, 대한민국",7.83성급,위치 아주 좋음
엠버 호텔 제주,"제주, 대한민국",8.54성급,직원들이 친절함
호텔더그랑 서귀포,"서귀포, 대한민국",10.03성급
탑스텐 빌라 드 애월,"제주, 대한민국",8.24성급,침대 사이즈가 적당함
호텔 삼해인,"제주, 대한민국",8.1
소랑 풀빌라,"제주, 대한민국",8.43성급
오션스타,"서귀포, 대한민국",평점없음
아루미호텔 협재점,"제주, 대한민국",8.03성급
호텔52,"서귀포, 대한민국",7.03성급,위치 아주 좋음
마레보 비치호텔,"제주, 대한민국",8.53성급
엘렌호텔,"서귀포, 대한민국",9.2
베이힐 풀&빌라,"서귀포, 대한민국",9.05성급,전망이 뛰어남
다인 오세아노 호텔,"제주, 대한민국",8.14성급
흰수염 고래 리조트,"제주, 대한민국",8.53성급
그랜드메르 호텔 제주,"서귀포, 대한민국",7.23성급,객실상태 깨끗함
BK호텔 제주,"서귀포, 대한민국",8.53성급,직원들이 친절함
스테이 인 제주,"서귀포, 대한민국",평점없음3성급
코업시티호텔 하버뷰,"서귀포, 대한민국",8.14성급
라온 호텔 앤 리조트,"제주, 대한민국",6.83성급
에벤에셀호텔,"제주, 대한민국",8.5
골드원 호텔&스위트,"서귀포, 대한민국",8.64성급
제주 샹그릴라 호텔앤리조트,"제주, 대한민국",7.83성급
제주 마레보 리조트,"제주, 대한민국",7.63성급
제주 노블피아 호텔,"서귀포, 대한민국",8.6
올레 리조트,"제주, 대한민국",8.83성급,욕실이 쾌적함
블루스프링부띠끄호텔,"제주, 대한민국",7.13성급
블루 하와이 호텔,"제주, 대한민국",7.7
씨사이드아덴,"서귀포, 대한민국",8.04성급
담앤루 리조트,"서귀포, 대한민국",8.23성급,위치 아주 좋음
기린빌라리조트 제주,"서귀포, 대한민국",9.04성급
펄 호텔 제주,"제주, 대한민국",6.93성급
에코그린 리조트,"제주, 대한민국",7.93성급,음식이 훌륭함
돈내코힐 리조트,"서귀포, 대한민국",8.23성급,전망이 뛰어남
켄싱턴리조트 서귀포,"서귀포, 대한민국",8.13성급,객실상태 깨끗함
아로하 호텔,"서귀포, 대한민국",7.83성급,직원들이 친절함
호텔 앨리스 앤 트렁크,"제주, 대한민국",8.44성급
파르나스 호텔 제주,"서귀포, 대한민국",9.25성급
제주 신라 호텔,"서귀포, 대한민국",9.05성급,수영장이 매우 좋음
랜딩관 제주신화월드 호텔앤리조트,"서귀포, 대한민국",8.35성급
메종 글래드 제주,"제주, 대한민국",8.15성급,직원들이 친절함
롯데 호텔 제주,"서귀포, 대한민국",8.85성급,수영장이 매우 좋음
라마다 프라자 제주 호텔,"제주, 대한민국",8.25성급,위치 아주 좋음
유탑 유블레스호텔,"제주, 대한민국",8.04성급,음식이 맛있음
에코랜드 호텔,"제주, 대한민국",8.6
베스트웨스턴 제주호텔,"제주, 대한민국",7.64성급,위치 아주 좋음
탐라스테이 호텔 제주,"제주, 대한민국",7.74성급,음식이 맛있음
라마다 제주 시티 호텔,"제주, 대한민국",8.14성급
신화관 제주신화월드 호텔앤리조트,"서귀포, 대한민국",8.35성급
해비치 호텔 & 리조트,"서귀포, 대한민국",8.65성급,수영장이 매우 좋음
브라운 스위트 제주,"서귀포, 대한민국",7.34성급
서머셋 제주신화월드,"서귀포, 대한민국",8.65성급
휘닉스 제주 섭지코지,"서귀포, 대한민국",7.84성급,전망이 뛰어남
더큐브 리조트 제주,"서귀포, 대한민국",8.24성급
호텔 브릿지 서귀포,"서귀포, 대한민국",8.04성급,음식이 훌륭함
호텔 시리우스,"제주, 대한민국",8.34성급
호텔 난타,"제주, 대한민국",8.64성급,직원들이 친절함
더 베스트 제주 성산,"서귀포, 대한민국",7.94성급,객실상태 깨끗함
한림리조트,"제주, 대한민국",8.8,음식이 맛있음
메리어트관 제주신화월드 호텔앤리조트,"서귀포, 대한민국",8.45성급
서귀포 JS호텔,"서귀포, 대한민국",8.44성급,직원들이 친절함
호텔 샬롬 제주,"제주, 대한민국",7.94성급,위치 아주 좋음
코델리아 S 호텔,"서귀포, 대한민국",7.63성급,위치 아주 좋음
호텔 케니 모슬포,"서귀포, 대한민국",8.43성급
더 그랜드 섬오름,"서귀포, 대한민국",8.34성급,수영장이 매우 좋음
아스타 호텔,"제주, 대한민국",8.44성급,객실상태 깨끗함
골든데이지 서귀포오션 호텔,"서귀포, 대한민국",7.94성급,위치 아주 좋음
스타즈 호텔 제주 로베로점,"제주, 대한민국",8.03성급,객실상태 깨끗함
그라벨 호텔,"제주, 대한민국",8.14성급,직원들이 친절함
훈데르트힐즈,"제주, 대한민국",평점없음
글로스터 호텔 제주,"제주, 대한민국",8.34성급
제주 센트럴시티호텔,"제주, 대한민국",7.73성급,객실상태 깨끗함
신신호텔 천지연,"서귀포, 대한민국",7.94성급
신신호텔 제주공항,"제주, 대한민국",7.64성급,객실상태 깨끗함
플레이스 캠프 제주,"서귀포, 대한민국",8.34성급,침대가 훌륭함
헤이 서귀포,"서귀포, 대한민국",7.93성급
루체빌,"서귀포, 대한민국",8.43성급
까사로마 호텔,"서귀포, 대한민국",8.83성급,전망이 뛰어남
캠퍼트리 호텔 앤 리조트,"제주, 대한민국",8.44성급
제주 디 아일랜드 블루 호텔,"서귀포, 대한민국",8.14성급,위치 아주 좋음
산방산 호텔,"서귀포, 대한민국",8.53성급
유니호텔 제주,"제주, 대한민국",7.74성급,객실상태 깨끗함
코업시티호텔 성산,"서귀포, 대한민국",7.94성급,전망이 뛰어남
스위트 호텔 제주,"서귀포, 대한민국",8.35성급,직원들이 친절함
엠버퓨어힐호텔&리조트,"제주, 대한민국",9.25성급
신신호텔 제주월드컵,"서귀포, 대한민국",7.74성급,객실상태 깨끗함
오션스위츠 제주 호텔,"제주, 대한민국",8.14성급,오션뷰
WE호텔 제주,"서귀포, 대한민국",8.55성급,수영장이 매우 좋음
제주 아리아 호텔,"서귀포, 대한민국",8.43성급,직원들이 친절함
라마다 바이 윈덤 제주 더 함덕,"제주, 대한민국",7.84성급,직원들이 친절함
파크 선샤인 제주,"서귀포, 대한민국",8.93성급,위치 아주 좋음
베니키아 호텔 제주,"제주, 대한민국",7.53성급,음식이 훌륭함
호텔 더 원,"제주, 대한민국",7.44성급,객실상태 깨끗함
신신호텔 서귀포,"서귀포, 대한민국",8.04성급
샐리스 제주 호텔,"제주, 대한민국",7.23성급
퍼스트70 호텔,"서귀포, 대한민국",8.14성급
씨오르리조트,"서귀포, 대한민국",8.43성급
아이미제주비치호텔,"제주, 대한민국",7.23성급,직원들이 친절함
오션 팰리스 호텔,"서귀포, 대한민국",7.44성급,쇼핑하기 편리한 위치
제주 노블레스 관광호텔,"제주, 대한민국",7.83성급
금호 제주 리조트,"서귀포, 대한민국",7.44성급,위치 아주 좋음
호텔 빠레브,"서귀포, 대한민국",8.24성급,객실상태 깨끗함
애월 스테이 인 제주,"제주, 대한민국",8.62성급
위드시티호텔,"제주, 대한민국",7.2
오션블루 호텔,"서귀포, 대한민국",7.23성급
제주 썬호텔,"제주, 대한민국",8.85성급,위치 아주 좋음
블루 하와이 리조트,"제주, 대한민국",7.93성급,직원들이 친절함
머큐어 앰배서더 제주,"서귀포, 대한민국",8.5,침대가 편안함
호텔 화인 제주,"서귀포, 대한민국",9.24성급,객실상태 깨끗함
호텔 스카이파크 제주 1호점,"제주, 대한민국",7.83성급,위치 아주 좋음
엠버 호텔 제주,"제주, 대한민국",8.54성급,직원들이 친절함
호텔더그랑 서귀포,"서귀포, 대한민국",10.03성급
탑스텐 빌라 드 애월,"제주, 대한민국",8.24성급,침대 사이즈가 적당함
호텔 삼해인,"제주, 대한민국",8.1
소랑 풀빌라,"제주, 대한민국",8.43성급
오션스타,"서귀포, 대한민국",평점없음
소노캄 제주,"서귀포, 대한민국",7.54성급,직원들이 친절함
아루미호텔 협재점,"제주, 대한민국",8.03성급
호텔52,"서귀포, 대한민국",7.03성급,위치 아주 좋음
마레보 비치호텔,"제주, 대한민국",8.53성급
엘렌호텔,"서귀포, 대한민국",9.2
베이힐 풀&빌라,"서귀포, 대한민국",9.05성급,전망이 뛰어남
제주 부영 리조트,"서귀포, 대한민국",8.7
다인 오세아노 호텔,"제주, 대한민국",8.14성급
흰수염 고래 리조트,"제주, 대한민국",8.53성급
스위트메이서귀포호텔,"서귀포, 대한민국",8.44성급,위치 아주 좋음
그랜드메르 호텔 제주,"서귀포, 대한민국",7.23성급,객실상태 깨끗함
BK호텔 제주,"서귀포, 대한민국",8.53성급,직원들이 친절함
스테이 인 제주,"서귀포, 대한민국",평점없음3성급
코업시티호텔 하버뷰,"서귀포, 대한민국",8.14성급
라온 호텔 앤 리조트,"제주, 대한민국",6.83성급
에벤에셀호텔,"제주, 대한민국",8.5
골드원 호텔&스위트,"서귀포, 대한민국",8.64성급
제주 샹그릴라 호텔앤리조트,"제주, 대한민국",7.83성급
제주 마레보 리조트,"제주, 대한민국",7.63성급
제주 노블피아 호텔,"서귀포, 대한민국",8.6
올레 리조트,"제주, 대한민국",8.83성급,욕실이 쾌적함
파르나스 호텔 제주,"서귀포, 대한민국",9.25성급
제주 신라 호텔,"서귀포, 대한민국",9.05성급,수영장이 매우 좋음
랜딩관 제주신화월드 호텔앤리조트,"서귀포, 대한민국",8.35성급
메종 글래드 제주,"제주, 대한민국",8.15성급,직원들이 친절함
롯데 호텔 제주,"서귀포, 대한민국",8.85성급,수영장이 매우 좋음
라마다 프라자 제주 호텔,"제주, 대한민국",8.25성급,오션뷰
유탑 유블레스호텔,"제주, 대한민국",8.04성급,음식이 맛있음
에코랜드 호텔,"제주, 대한민국",8.6
베스트웨스턴 제주호텔,"제주, 대한민국",7.64성급,객실상태 깨끗함
탐라스테이 호텔 제주,"제주, 대한민국",7.74성급,객실상태 깨끗함
라마다 제주 시티 호텔,"제주, 대한민국",8.14성급
신화관 제주신화월드 호텔앤리조트,"서귀포, 대한민국",8.35성급
브라운 스위트 제주,"서귀포, 대한민국",7.34성급
서머셋 제주신화월드,"서귀포, 대한민국",8.65성급
휘닉스 제주 섭지코지,"서귀포, 대한민국",7.84성급,음식이 맛있음
더큐브 리조트 제주,"서귀포, 대한민국",8.24성급
호텔 브릿지 서귀포,"서귀포, 대한민국",8.04성급,위치 아주 좋음
호텔 시리우스,"제주, 대한민국",8.34성급
호텔 난타,"제주, 대한민국",8.64성급,객실상태 깨끗함
더 베스트 제주 성산,"서귀포, 대한민국",7.94성급,직원들이 친절함
한림리조트,"제주, 대한민국",8.8,음식이 맛있음
메리어트관 제주신화월드 호텔앤리조트,"서귀포, 대한민국",8.45성급
서귀포 JS호텔,"서귀포, 대한민국",8.44성급,직원들이 친절함
호텔 샬롬 제주,"제주, 대한민국",7.94성급,위치 아주 좋음
호텔 케니 모슬포,"서귀포, 대한민국",8.43성급
더 그랜드 섬오름,"서귀포, 대한민국",8.34성급,수영장이 매우 좋음
아스타 호텔,"제주, 대한민국",8.44성급,객실상태 깨끗함
골든데이지 서귀포오션 호텔,"서귀포, 대한민국",7.94성급,위치 아주 좋음
스타즈 호텔 제주 로베로점,"제주, 대한민국",8.03성급,객실상태 깨끗함
그라벨 호텔,"제주, 대한민국",8.14성급,직원들이 친절함
훈데르트힐즈,"제주, 대한민국",평점없음
글로스터 호텔 제주,"제주, 대한민국",8.34성급
제주 센트럴시티호텔,"제주, 대한민국",7.73성급,객실상태 깨끗함
신신호텔 천지연,"서귀포, 대한민국",7.94성급
플레이스 캠프 제주,"서귀포, 대한민국",8.34성급,침대가 훌륭함
헤이 서귀포,"서귀포, 대한민국",7.93성급
루체빌,"서귀포, 대한민국",8.43성급
까사로마 호텔,"서귀포, 대한민국",8.83성급,객실이 넓음
캠퍼트리 호텔 앤 리조트,"제주, 대한민국",8.44성급
제주 디 아일랜드 블루 호텔,"서귀포, 대한민국",8.14성급,객실이 넓음
산방산 호텔,"서귀포, 대한민국",8.53성급
유니호텔 제주,"제주, 대한민국",7.74성급,전망이 뛰어남
코업시티호텔 성산,"서귀포, 대한민국",7.94성급,맛있는 아침식사
스위트 호텔 제주,"서귀포, 대한민국",8.35성급,위치 아주 좋음
엠버퓨어힐호텔&리조트,"제주, 대한민국",9.25성급
신신호텔 제주월드컵,"서귀포, 대한민국",7.74성급,충분한 주차 공간
오션스위츠 제주 호텔,"제주, 대한민국",8.14성급,객실이 넓음
제주 아리아 호텔,"서귀포, 대한민국",8.43성급,객실상태 깨끗함
라마다 바이 윈덤 제주 더 함덕,"제주, 대한민국",7.84성급,직원들이 친절함
파크 선샤인 제주,"서귀포, 대한민국",8.93성급,위치 아주 좋음
베니키아 호텔 제주,"제주, 대한민국",7.53성급,음식이 훌륭함
호텔 더 원,"제주, 대한민국",7.44성급,객실상태 깨끗함
신신호텔 서귀포,"서귀포, 대한민국",8.04성급
샐리스 제주 호텔,"제주, 대한민국",7.23성급
퍼스트70 호텔,"서귀포, 대한민국",8.14성급
씨오르리조트,"서귀포, 대한민국",8.43성급
아이미제주비치호텔,"제주, 대한민국",7.23성급,직원들이 친절함
오션 팰리스 호텔,"서귀포, 대한민국",7.44성급,쇼핑하기 편리한 위치
제주 노블레스 관광호텔,"제주, 대한민국",7.83성급
금호 제주 리조트,"서귀포, 대한민국",7.44성급,위치 아주 좋음
호텔 빠레브,"서귀포, 대한민국",8.24성급,객실상태 깨끗함
애월 스테이 인 제주,"제주, 대한민국",8.62성급
위드시티호텔,"제주, 대한민국",7.2
오션블루 호텔,"서귀포, 대한민국",7.23성급
제주 썬호텔,"제주, 대한민국",8.85성급,위치 아주 좋음
블루 하와이 리조트,"제주, 대한민국",7.93성급,직원들이 친절함
머큐어 앰배서더 제주,"서귀포, 대한민국",8.5,침대가 편안함
호텔 화인 제주,"서귀포, 대한민국",9.24성급,객실상태 깨끗함
호텔 스카이파크 제주 1호점,"제주, 대한민국",7.83성급,위치 아주 좋음
엠버 호텔 제주,"제주, 대한민국",8.54성급,직원들이 친절함
호텔더그랑 서귀포,"서귀포, 대한민국",10.03성급
탑스텐 빌라 드 애월,"제주, 대한민국",8.24성급,침대 사이즈가 적당함
호텔 삼해인,"제주, 대한민국",8.1
소랑 풀빌라,"제주, 대한민국",8.43성급
오션스타,"서귀포, 대한민국",평점없음
소노캄 제주,"서귀포, 대한민국",7.54성급,직원들이 친절함
아루미호텔 협재점,"제주, 대한민국",8.03성급
호텔52,"서귀포, 대한민국",7.03성급,위치 아주 좋음
마레보 비치호텔,"제주, 대한민국",8.53성급
엘렌호텔,"서귀포, 대한민국",9.2
베이힐 풀&빌라,"서귀포, 대한민국",9.05성급,전망이 뛰어남
제주 부영 리조트,"서귀포, 대한민국",8.7
다인 오세아노 호텔,"제주, 대한민국",8.14성급
르메인호텔,"제주, 대한민국",8.9
흰수염 고래 리조트,"제주, 대한민국",8.53성급
그랜드메르 호텔 제주,"서귀포, 대한민국",7.23성급,객실상태 깨끗함
BK호텔 제주,"서귀포, 대한민국",8.53성급,직원들이 친절함
스테이 인 제주,"서귀포, 대한민국",평점없음3성급
코업시티호텔 하버뷰,"서귀포, 대한민국",8.14성급
라온 호텔 앤 리조트,"제주, 대한민국",6.83성급
에벤에셀호텔,"제주, 대한민국",8.5
골드원 호텔&스위트,"서귀포, 대한민국",8.64성급
제주 샹그릴라 호텔앤리조트,"제주, 대한민국",7.83성급
제주 마레보 리조트,"제주, 대한민국",7.63성급
제주 노블피아 호텔,"서귀포, 대한민국",8.6
올레 리조트,"제주, 대한민국",8.83성급,욕실이 쾌적함
블루스프링부띠끄호텔,"제주, 대한민국",7.13성급
블루 하와이 호텔,"제주, 대한민국",7.7
씨사이드아덴,"서귀포, 대한민국",8.04성급
한화 리조트 제주,"제주, 대한민국",7.83성급
파르나스 호텔 제주,"서귀포, 대한민국",9.25성급
제주 신라 호텔,"서귀포, 대한민국",9.05성급,수영장이 매우 좋음
랜딩관 제주신화월드 호텔앤리조트,"서귀포, 대한민국",8.35성급
메종 글래드 제주,"제주, 대한민국",8.15성급,직원들이 친절함
롯데 호텔 제주,"서귀포, 대한민국",8.85성급,수영장이 매우 좋음
라마다 프라자 제주 호텔,"제주, 대한민국",8.25성급,오션뷰
유탑 유블레스호텔,"제주, 대한민국",8.04성급,음식이 맛있음
그랜드 조선 제주,"서귀포, 대한민국",8.95성급
에코랜드 호텔,"제주, 대한민국",8.6
호텔 휘슬락 바이 베스트웨스턴 시그니처 컬렉션,"제주, 대한민국",7.74성급,전망이 뛰어남
베스트웨스턴 제주호텔,"제주, 대한민국",7.64성급,객실상태 깨끗함
탐라스테이 호텔 제주,"제주, 대한민국",7.74성급,객실상태 깨끗함
라마다 제주 시티 호텔,"제주, 대한민국",8.14성급
신화관 제주신화월드 호텔앤리조트,"서귀포, 대한민국",8.35성급
브라운 스위트 제주,"서귀포, 대한민국",7.34성급
서머셋 제주신화월드,"서귀포, 대한민국",8.65성급
휘닉스 제주 섭지코지,"서귀포, 대한민국",7.84성급,음식이 맛있음
더큐브 리조트 제주,"서귀포, 대한민국",8.24성급
호텔 브릿지 서귀포,"서귀포, 대한민국",8.04성급,위치 아주 좋음
호텔 시리우스,"제주, 대한민국",8.34성급
호텔 난타,"제주, 대한민국",8.64성급,직원들이 친절함
더 베스트 제주 성산,"서귀포, 대한민국",7.94성급,객실상태 깨끗함
한림리조트,"제주, 대한민국",8.8,음식이 맛있음
메리어트관 제주신화월드 호텔앤리조트,"서귀포, 대한민국",8.45성급
호텔 토스카나,"서귀포, 대한민국",9.05성급,객실이 넓음
서귀포 JS호텔,"서귀포, 대한민국",8.44성급,직원들이 친절함
호텔 샬롬 제주,"제주, 대한민국",7.94성급,위치 아주 좋음
함덕비치스테이제주,"제주, 대한민국",8.2
호텔 케니 모슬포,"서귀포, 대한민국",8.43성급
더 그랜드 섬오름,"서귀포, 대한민국",8.34성급,수영장이 매우 좋음
아스타 호텔,"제주, 대한민국",8.44성급,객실상태 깨끗함
골든데이지 서귀포오션 호텔,"서귀포, 대한민국",7.94성급,위치 아주 좋음
스타즈 호텔 제주 로베로점,"제주, 대한민국",8.03성급,객실상태 깨끗함
그라벨 호텔,"제주, 대한민국",8.14성급,직원들이 친절함
훈데르트힐즈,"제주, 대한민국",평점없음
글로스터 호텔 제주,"제주, 대한민국",8.34성급
제주 센트럴시티호텔,"제주, 대한민국",7.73성급,객실상태 깨끗함
신신호텔 천지연,"서귀포, 대한민국",7.94성급
플레이스 캠프 제주,"서귀포, 대한민국",8.34성급,침대가 훌륭함
헤이 서귀포,"서귀포, 대한민국",7.93성급
루체빌,"서귀포, 대한민국",8.43성급
까사로마 호텔,"서귀포, 대한민국",8.83성급,객실이 넓음
캠퍼트리 호텔 앤 리조트,"제주, 대한민국",8.44성급
제주 디 아일랜드 블루 호텔,"서귀포, 대한민국",8.14성급,객실이 넓음
산방산 호텔,"서귀포, 대한민국",8.53성급
유니호텔 제주,"제주, 대한민국",7.74성급,전망이 뛰어남
코업시티호텔 성산,"서귀포, 대한민국",7.94성급,맛있는 아침식사
스위트 호텔 제주,"서귀포, 대한민국",8.35성급,위치 아주 좋음
엠버퓨어힐호텔&리조트,"제주, 대한민국",9.25성급
신신호텔 제주월드컵,"서귀포, 대한민국",7.74성급,충분한 주차 공간
벨룸 리조트,"서귀포, 대한민국",8.85성급
오션스위츠 제주 호텔,"제주, 대한민국",8.14성급,객실이 넓음
제주 아리아 호텔,"서귀포, 대한민국",8.43성급,객실상태 깨끗함
라마다 바이 윈덤 제주 더 함덕,"제주, 대한민국",7.84성급,직원들이 친절함
파크 선샤인 제주,"서귀포, 대한민국",8.93성급,위치 아주 좋음
베니키아 호텔 제주,"제주, 대한민국",7.53성급,음식이 훌륭함
호텔 더 원,"제주, 대한민국",7.44성급,객실상태 깨끗함
신신호텔 서귀포,"서귀포, 대한민국",8.04성급
샐리스 제주 호텔,"제주, 대한민국",7.23성급
퍼스트70 호텔,"서귀포, 대한민국",8.14성급
씨오르리조트,"서귀포, 대한민국",8.43성급
아이미제주비치호텔,"제주, 대한민국",7.23성급,직원들이 친절함
오션 팰리스 호텔,"서귀포, 대한민국",7.44성급,쇼핑하기 편리한 위치
제주 노블레스 관광호텔,"제주, 대한민국",7.83성급
금호 제주 리조트,"서귀포, 대한민국",7.44성급,위치 아주 좋음
호텔 빠레브,"서귀포, 대한민국",8.24성급,객실상태 깨끗함
애월 스테이 인 제주,"제주, 대한민국",8.62성급
위드시티호텔,"제주, 대한민국",7.2
오션블루 호텔,"서귀포, 대한민국",7.23성급
제주 썬호텔,"제주, 대한민국",8.85성급,위치 아주 좋음
블루 하와이 리조트,"제주, 대한민국",7.93성급,직원들이 친절함
머큐어 앰배서더 제주,"서귀포, 대한민국",8.5,침대가 편안함
호텔 화인 제주,"서귀포, 대한민국",9.24성급,객실상태 깨끗함
호텔 스카이파크 제주 1호점,"제주, 대한민국",7.83성급,위치 아주 좋음
엠버 호텔 제주,"제주, 대한민국",8.54성급,직원들이 친절함
호텔더그랑 서귀포,"서귀포, 대한민국",10.03성급
탑스텐 빌라 드 애월,"제주, 대한민국",8.24성급,침대 사이즈가 적당함
호텔 삼해인,"제주, 대한민국",8.1
소랑 풀빌라,"제주, 대한민국",8.43성급
오션스타,"서귀포, 대한민국",평점없음
소노캄 제주,"서귀포, 대한민국",7.54성급,직원들이 친절함
아루미호텔 협재점,"제주, 대한민국",8.03성급
마레보 비치호텔,"제주, 대한민국",8.53성급
엘렌호텔,"서귀포, 대한민국",9.2
베이힐 풀&빌라,"서귀포, 대한민국",9.05성급,전망이 뛰어남
제주 부영 리조트,"서귀포, 대한민국",8.7
다인 오세아노 호텔,"제주, 대한민국",8.14성급
르메인호텔,"제주, 대한민국",8.9
흰수염 고래 리조트,"제주, 대한민국",8.53성급
그랜드메르 호텔 제주,"서귀포, 대한민국",7.23성급,객실상태 깨끗함
BK호텔 제주,"서귀포, 대한민국",8.53성급,직원들이 친절함
스테이 인 제주,"서귀포, 대한민국",평점없음3성급
코업시티호텔 하버뷰,"서귀포, 대한민국",8.14성급
라온 호텔 앤 리조트,"제주, 대한민국",6.83성급
에벤에셀호텔,"제주, 대한민국",8.5
골드원 호텔&스위트,"서귀포, 대한민국",8.64성급
제주 샹그릴라 호텔앤리조트,"제주, 대한민국",7.83성급
제주 마레보 리조트,"제주, 대한민국",7.63성급
제주 노블피아 호텔,"서귀포, 대한민국",8.6
오션갤러리 호텔앤리조트,"서귀포, 대한민국",9.43성급
파르나스 호텔 제주,"서귀포, 대한민국",9.25성급
제주 신라 호텔,"서귀포, 대한민국",9.05성급,직원들이 친절함
랜딩관 제주신화월드 호텔앤리조트,"서귀포, 대한민국",8.35성급
메종 글래드 제주,"제주, 대한민국",8.15성급,위치 아주 좋음
롯데 호텔 제주,"서귀포, 대한민국",8.85성급,음식이 훌륭함
라마다 프라자 제주 호텔,"제주, 대한민국",8.25성급,직원들이 친절함
신라스테이 제주,"제주, 대한민국",8.04성급,침대가 편안함
유탑 유블레스호텔,"제주, 대한민국",8.04성급,음식이 맛있음
그랜드 조선 제주,"서귀포, 대한민국",8.95성급
에코랜드 호텔,"제주, 대한민국",8.6
호텔 휘슬락 바이 베스트웨스턴 시그니처 컬렉션,"제주, 대한민국",7.74성급,위치 아주 좋음
베스트웨스턴 제주호텔,"제주, 대한민국",7.64성급,직원들이 친절함
탐라스테이 호텔 제주,"제주, 대한민국",7.74성급,직원들이 친절함
라마다 제주 시티 호텔,"제주, 대한민국",8.14성급
신화관 제주신화월드 호텔앤리조트,"서귀포, 대한민국",8.35성급
해비치 호텔 & 리조트,"서귀포, 대한민국",8.65성급,객실상태 깨끗함
브라운 스위트 제주,"서귀포, 대한민국",7.34성급
서머셋 제주신화월드,"서귀포, 대한민국",8.65성급
휘닉스 제주 섭지코지,"서귀포, 대한민국",7.84성급,위치 아주 좋음
더큐브 리조트 제주,"서귀포, 대한민국",8.24성급
호텔 브릿지 서귀포,"서귀포, 대한민국",8.04성급,음식이 훌륭함
호텔 시리우스,"제주, 대한민국",8.34성급
호텔 난타,"제주, 대한민국",8.64성급,직원들이 친절함
더 베스트 제주 성산,"서귀포, 대한민국",7.94성급,객실상태 깨끗함
한림리조트,"제주, 대한민국",8.8,음식이 맛있음
메리어트관 제주신화월드 호텔앤리조트,"서귀포, 대한민국",8.45성급
호텔 토스카나,"서귀포, 대한민국",9.05성급,객실이 넓음
서귀포 JS호텔,"서귀포, 대한민국",8.44성급,직원들이 친절함
호텔 샬롬 제주,"제주, 대한민국",7.94성급,위치 아주 좋음
코델리아 S 호텔,"서귀포, 대한민국",7.63성급,위치 아주 좋음
함덕비치스테이제주,"제주, 대한민국",8.2
호텔 케니 모슬포,"서귀포, 대한민국",8.43성급
더 그랜드 섬오름,"서귀포, 대한민국",8.34성급,수영장이 매우 좋음
아스타 호텔,"제주, 대한민국",8.44성급,객실상태 깨끗함
골든데이지 서귀포오션 호텔,"서귀포, 대한민국",7.94성급,위치 아주 좋음
스타즈 호텔 제주 로베로점,"제주, 대한민국",8.03성급,객실상태 깨끗함
그라벨 호텔,"제주, 대한민국",8.14성급,직원들이 친절함
훈데르트힐즈,"제주, 대한민국",평점없음
글로스터 호텔 제주,"제주, 대한민국",8.34성급
제주 센트럴시티호텔,"제주, 대한민국",7.73성급,객실상태 깨끗함
신신호텔 천지연,"서귀포, 대한민국",7.94성급
플레이스 캠프 제주,"서귀포, 대한민국",8.34성급,침대가 훌륭함
헤이 서귀포,"서귀포, 대한민국",7.93성급
까사로마 호텔,"서귀포, 대한민국",8.83성급,객실이 넓음
캠퍼트리 호텔 앤 리조트,"제주, 대한민국",8.44성급
제주 디 아일랜드 블루 호텔,"서귀포, 대한민국",8.14성급,객실이 넓음
산방산 호텔,"서귀포, 대한민국",8.53성급
유니호텔 제주,"제주, 대한민국",7.74성급,전망이 뛰어남
코업시티호텔 성산,"서귀포, 대한민국",7.94성급,맛있는 아침식사
스위트 호텔 제주,"서귀포, 대한민국",8.35성급,위치 아주 좋음
엠버퓨어힐호텔&리조트,"제주, 대한민국",9.25성급
신신호텔 제주월드컵,"서귀포, 대한민국",7.74성급,충분한 주차 공간
벨룸 리조트,"서귀포, 대한민국",8.85성급
오션스위츠 제주 호텔,"제주, 대한민국",8.14성급,객실이 넓음
제주 아리아 호텔,"서귀포, 대한민국",8.43성급,객실상태 깨끗함
라마다 바이 윈덤 제주 더 함덕,"제주, 대한민국",7.84성급,직원들이 친절함
파크 선샤인 제주,"서귀포, 대한민국",8.93성급,위치 아주 좋음
베니키아 호텔 제주,"제주, 대한민국",7.53성급,음식이 훌륭함
신신호텔 서귀포,"서귀포, 대한민국",8.04성급
샐리스 제주 호텔,"제주, 대한민국",7.23성급
퍼스트70 호텔,"서귀포, 대한민국",8.14성급
아이미제주비치호텔,"제주, 대한민국",7.23성급,오션뷰
오션 팰리스 호텔,"서귀포, 대한민국",7.44성급,객실이 넓음
제주 노블레스 관광호텔,"제주, 대한민국",7.83성급
금호 제주 리조트,"서귀포, 대한민국",7.44성급,위치 아주 좋음
호텔 빠레브,"서귀포, 대한민국",8.24성급,위치 아주 좋음
애월 스테이 인 제주,"제주, 대한민국",8.62성급
위드시티호텔,"제주, 대한민국",7.2
오션블루 호텔,"서귀포, 대한민국",7.23성급
제주 썬호텔,"제주, 대한민국",8.85성급,위치 아주 좋음
블루 하와이 리조트,"제주, 대한민국",7.93성급,직원들이 친절함
머큐어 앰배서더 제주,"서귀포, 대한민국",8.5,침대가 편안함
호텔 화인 제주,"서귀포, 대한민국",9.24성급,객실상태 깨끗함
호텔 스카이파크 제주 1호점,"제주, 대한민국",7.83성급,위치 아주 좋음
엠버 호텔 제주,"제주, 대한민국",8.54성급,직원들이 친절함
호텔더그랑 서귀포,"서귀포, 대한민국",10.03성급
탑스텐 빌라 드 애월,"제주, 대한민국",8.24성급,침대 사이즈가 적당함
호텔 삼해인,"제주, 대한민국",8.1
소랑 풀빌라,"제주, 대한민국",8.43성급
오션스타,"서귀포, 대한민국",평점없음
소노캄 제주,"서귀포, 대한민국",7.54성급,직원들이 친절함
아루미호텔 협재점,"제주, 대한민국",8.03성급
마레보 비치호텔,"제주, 대한민국",8.53성급
엘렌호텔,"서귀포, 대한민국",9.2
베이힐 풀&빌라,"서귀포, 대한민국",9.05성급,전망이 뛰어남
제주 부영 리조트,"서귀포, 대한민국",8.7
다인 오세아노 호텔,"제주, 대한민국",8.14성급
르메인호텔,"제주, 대한민국",8.9
흰수염 고래 리조트,"제주, 대한민국",8.53성급
그랜드메르 호텔 제주,"서귀포, 대한민국",7.23성급,객실상태 깨끗함
BK호텔 제주,"서귀포, 대한민국",8.53성급,직원들이 친절함
스테이 인 제주,"서귀포, 대한민국",평점없음3성급
코업시티호텔 하버뷰,"서귀포, 대한민국",8.14성급
라온 호텔 앤 리조트,"제주, 대한민국",6.83성급
에벤에셀호텔,"제주, 대한민국",8.5
골드원 호텔&스위트,"서귀포, 대한민국",8.64성급
제주 샹그릴라 호텔앤리조트,"제주, 대한민국",7.83성급
제주 마레보 리조트,"제주, 대한민국",7.63성급
제주 노블피아 호텔,"서귀포, 대한민국",8.6
오션갤러리 호텔앤리조트,"서귀포, 대한민국",9.43성급
파르나스 호텔 제주,"서귀포, 대한민국",9.25성급
제주 신라 호텔,"서귀포, 대한민국",9.05성급,수영장이 매우 좋음
랜딩관 제주신화월드 호텔앤리조트,"서귀포, 대한민국",8.35성급
메종 글래드 제주,"제주, 대한민국",8.15성급,직원들이 친절함
롯데 호텔 제주,"서귀포, 대한민국",8.85성급,수영장이 매우 좋음
라마다 프라자 제주 호텔,"제주, 대한민국",8.25성급,오션뷰
신라스테이 제주,"제주, 대한민국",8.04성급,쇼핑하기 편리한 위치
유탑 유블레스호텔,"제주, 대한민국",8.04성급,음식이 맛있음
그랜드 조선 제주,"서귀포, 대한민국",8.95성급
에코랜드 호텔,"제주, 대한민국",8.6
호텔 휘슬락 바이 베스트웨스턴 시그니처 컬렉션,"제주, 대한민국",7.74성급,전망이 뛰어남
베스트웨스턴 제주호텔,"제주, 대한민국",7.64성급,객실상태 깨끗함
탐라스테이 호텔 제주,"제주, 대한민국",7.74성급,객실상태 깨끗함
라마다 제주 시티 호텔,"제주, 대한민국",8.14성급
신화관 제주신화월드 호텔앤리조트,"서귀포, 대한민국",8.35성급
해비치 호텔 & 리조트,"서귀포, 대한민국",8.65성급,직원들이 친절함
브라운 스위트 제주,"서귀포, 대한민국",7.34성급
서머셋 제주신화월드,"서귀포, 대한민국",8.65성급
휘닉스 제주 섭지코지,"서귀포, 대한민국",7.84성급,음식이 맛있음
더큐브 리조트 제주,"서귀포, 대한민국",8.24성급
호텔 브릿지 서귀포,"서귀포, 대한민국",8.04성급,음식이 훌륭함
호텔 시리우스,"제주, 대한민국",8.34성급
호텔 난타,"제주, 대한민국",8.64성급,직원들이 친절함
더 베스트 제주 성산,"서귀포, 대한민국",7.94성급,객실상태 깨끗함
한림리조트,"제주, 대한민국",8.8,음식이 맛있음
메리어트관 제주신화월드 호텔앤리조트,"서귀포, 대한민국",8.45성급
호텔 토스카나,"서귀포, 대한민국",9.05성급,객실이 넓음
서귀포 JS호텔,"서귀포, 대한민국",8.44성급,직원들이 친절함
호텔 샬롬 제주,"제주, 대한민국",7.94성급,위치 아주 좋음
코델리아 S 호텔,"서귀포, 대한민국",7.63성급,위치 아주 좋음
함덕비치스테이제주,"제주, 대한민국",8.2
호텔 케니 모슬포,"서귀포, 대한민국",8.43성급
더 그랜드 섬오름,"서귀포, 대한민국",8.34성급,수영장이 매우 좋음
아스타 호텔,"제주, 대한민국",8.44성급,객실상태 깨끗함
골든데이지 서귀포오션 호텔,"서귀포, 대한민국",7.94성급,위치 아주 좋음
스타즈 호텔 제주 로베로점,"제주, 대한민국",8.03성급,객실상태 깨끗함
그라벨 호텔,"제주, 대한민국",8.14성급,직원들이 친절함
훈데르트힐즈,"제주, 대한민국",평점없음
글로스터 호텔 제주,"제주, 대한민국",8.34성급
제주 센트럴시티호텔,"제주, 대한민국",7.73성급,객실상태 깨끗함
신신호텔 천지연,"서귀포, 대한민국",7.94성급
플레이스 캠프 제주,"서귀포, 대한민국",8.34성급,침대가 훌륭함
헤이 서귀포,"서귀포, 대한민국",7.93성급
까사로마 호텔,"서귀포, 대한민국",8.83성급,전망이 뛰어남
캠퍼트리 호텔 앤 리조트,"제주, 대한민국",8.44성급
제주 디 아일랜드 블루 호텔,"서귀포, 대한민국",8.14성급,위치 아주 좋음
산방산 호텔,"서귀포, 대한민국",8.53성급
유니호텔 제주,"제주, 대한민국",7.74성급,객실상태 깨끗함
코업시티호텔 성산,"서귀포, 대한민국",7.94성급,전망이 뛰어남
스위트 호텔 제주,"서귀포, 대한민국",8.35성급,위치 아주 좋음
엠버퓨어힐호텔&리조트,"제주, 대한민국",9.25성급
신신호텔 제주월드컵,"서귀포, 대한민국",7.74성급,충분한 주차 공간
벨룸 리조트,"서귀포, 대한민국",8.85성급
오션스위츠 제주 호텔,"제주, 대한민국",8.14성급,객실이 넓음
WE호텔 제주,"서귀포, 대한민국",8.55성급,위치 아주 좋음
라마다 바이 윈덤 제주 더 함덕,"제주, 대한민국",7.84성급,직원들이 친절함
파크 선샤인 제주,"서귀포, 대한민국",8.93성급,위치 아주 좋음
베니키아 호텔 제주,"제주, 대한민국",7.53성급,음식이 훌륭함
신신호텔 서귀포,"서귀포, 대한민국",8.04성급
샐리스 제주 호텔,"제주, 대한민국",7.23성급
퍼스트70 호텔,"서귀포, 대한민국",8.14성급
아이미제주비치호텔,"제주, 대한민국",7.23성급,직원들이 친절함
오션 팰리스 호텔,"서귀포, 대한민국",7.44성급,쇼핑하기 편리한 위치
제주 노블레스 관광호텔,"제주, 대한민국",7.83성급
금호 제주 리조트,"서귀포, 대한민국",7.44성급,위치 아주 좋음
호텔 빠레브,"서귀포, 대한민국",8.24성급,객실상태 깨끗함
애월 스테이 인 제주,"제주, 대한민국",8.62성급
위드시티호텔,"제주, 대한민국",7.2
제주 썬호텔,"제주, 대한민국",8.85성급,위치 아주 좋음
블루 하와이 리조트,"제주, 대한민국",7.93성급,직원들이 친절함
머큐어 앰배서더 제주,"서귀포, 대한민국",8.5,침대가 편안함
호텔 화인 제주,"서귀포, 대한민국",9.24성급,객실상태 깨끗함
호텔 스카이파크 제주 1호점,"제주, 대한민국",7.83성급,위치 아주 좋음
엠버 호텔 제주,"제주, 대한민국",8.54성급,직원들이 친절함
호텔더그랑 서귀포,"서귀포, 대한민국",10.03성급
탑스텐 빌라 드 애월,"제주, 대한민국",8.24성급,침대 사이즈가 적당함
호텔 삼해인,"제주, 대한민국",8.1
소랑 풀빌라,"제주, 대한민국",8.43성급
오션스타,"서귀포, 대한민국",평점없음
소노캄 제주,"서귀포, 대한민국",7.54성급,직원들이 친절함
아루미호텔 협재점,"제주, 대한민국",8.03성급
호텔52,"서귀포, 대한민국",7.03성급,위치 아주 좋음
마레보 비치호텔,"제주, 대한민국",8.53성급
엘렌호텔,"서귀포, 대한민국",9.2
베이힐 풀&빌라,"서귀포, 대한민국",9.05성급,전망이 뛰어남
다인 오세아노 호텔,"제주, 대한민국",8.14성급
르메인호텔,"제주, 대한민국",8.9
흰수염 고래 리조트,"제주, 대한민국",8.53성급
소노벨 제주,"제주, 대한민국",7.94성급,위치 아주 좋음
그랜드메르 호텔 제주,"서귀포, 대한민국",7.23성급,객실상태 깨끗함
BK호텔 제주,"서귀포, 대한민국",8.53성급,직원들이 친절함
코업시티호텔 하버뷰,"서귀포, 대한민국",8.14성급
라온 호텔 앤 리조트,"제주, 대한민국",6.83성급
에벤에셀호텔,"제주, 대한민국",8.5
골드원 호텔&스위트,"서귀포, 대한민국",8.64성급
제주 샹그릴라 호텔앤리조트,"제주, 대한민국",7.83성급
제주 마레보 리조트,"제주, 대한민국",7.63성급
제주 노블피아 호텔,"서귀포, 대한민국",8.6
오션갤러리 호텔앤리조트,"서귀포, 대한민국",9.43성급
올레 리조트,"제주, 대한민국",8.83성급,욕실이 쾌적함
파르나스 호텔 제주,"서귀포, 대한민국",9.25성급
제주 신라 호텔,"서귀포, 대한민국",9.05성급,수영장이 매우 좋음
랜딩관 제주신화월드 호텔앤리조트,"서귀포, 대한민국",8.35성급
메종 글래드 제주,"제주, 대한민국",8.15성급,직원들이 친절함
롯데 호텔 제주,"서귀포, 대한민국",8.85성급,수영장이 매우 좋음
라마다 프라자 제주 호텔,"제주, 대한민국",8.25성급,오션뷰
신라스테이 제주,"제주, 대한민국",8.04성급,쇼핑하기 편리한 위치
유탑 유블레스호텔,"제주, 대한민국",8.04성급,음식이 맛있음
그랜드 조선 제주,"서귀포, 대한민국",8.95성급
에코랜드 호텔,"제주, 대한민국",8.6
호텔 휘슬락 바이 베스트웨스턴 시그니처 컬렉션,"제주, 대한민국",7.74성급,전망이 뛰어남
베스트웨스턴 제주호텔,"제주, 대한민국",7.64성급,객실상태 깨끗함
탐라스테이 호텔 제주,"제주, 대한민국",7.74성급,객실상태 깨끗함
라마다 제주 시티 호텔,"제주, 대한민국",8.14성급
신화관 제주신화월드 호텔앤리조트,"서귀포, 대한민국",8.35성급
해비치 호텔 & 리조트,"서귀포, 대한민국",8.65성급,직원들이 친절함
브라운 스위트 제주,"서귀포, 대한민국",7.34성급
서머셋 제주신화월드,"서귀포, 대한민국",8.65성급
휘닉스 제주 섭지코지,"서귀포, 대한민국",7.84성급,음식이 맛있음
더큐브 리조트 제주,"서귀포, 대한민국",8.24성급
호텔 브릿지 서귀포,"서귀포, 대한민국",8.04성급,음식이 훌륭함
호텔 난타,"제주, 대한민국",8.64성급,직원들이 친절함
더 베스트 제주 성산,"서귀포, 대한민국",7.94성급,객실상태 깨끗함
한림리조트,"제주, 대한민국",8.8,음식이 맛있음
메리어트관 제주신화월드 호텔앤리조트,"서귀포, 대한민국",8.45성급
호텔 토스카나,"서귀포, 대한민국",9.05성급,객실이 넓음
서귀포 JS호텔,"서귀포, 대한민국",8.44성급,직원들이 친절함
호텔 샬롬 제주,"제주, 대한민국",7.94성급,위치 아주 좋음
코델리아 S 호텔,"서귀포, 대한민국",7.63성급,위치 아주 좋음
호텔 케니 모슬포,"서귀포, 대한민국",8.43성급
아스타 호텔,"제주, 대한민국",8.44성급,객실상태 깨끗함
골든데이지 서귀포오션 호텔,"서귀포, 대한민국",7.94성급,위치 아주 좋음
스타즈 호텔 제주 로베로점,"제주, 대한민국",8.03성급,객실상태 깨끗함
그라벨 호텔,"제주, 대한민국",8.14성급,직원들이 친절함
훈데르트힐즈,"제주, 대한민국",평점없음
글로스터 호텔 제주,"제주, 대한민국",8.34성급
제주 센트럴시티호텔,"제주, 대한민국",7.73성급,객실상태 깨끗함
신신호텔 천지연,"서귀포, 대한민국",7.94성급
플레이스 캠프 제주,"서귀포, 대한민국",8.34성급,침대가 훌륭함
헤이 서귀포,"서귀포, 대한민국",7.93성급
까사로마 호텔,"서귀포, 대한민국",8.83성급,객실이 넓음
캠퍼트리 호텔 앤 리조트,"제주, 대한민국",8.44성급
제주 디 아일랜드 블루 호텔,"서귀포, 대한민국",8.14성급,객실이 넓음
산방산 호텔,"서귀포, 대한민국",8.53성급
유니호텔 제주,"제주, 대한민국",7.74성급,전망이 뛰어남
코업시티호텔 성산,"서귀포, 대한민국",7.94성급,맛있는 아침식사
스위트 호텔 제주,"서귀포, 대한민국",8.35성급,위치 아주 좋음
담모라 리조트,"서귀포, 대한민국",7.33성급
엠버퓨어힐호텔&리조트,"제주, 대한민국",9.25성급
신신호텔 제주월드컵,"서귀포, 대한민국",7.74성급,충분한 주차 공간
벨룸 리조트,"서귀포, 대한민국",8.85성급
오션스위츠 제주 호텔,"제주, 대한민국",8.14성급,객실이 넓음
WE호텔 제주,"서귀포, 대한민국",8.55성급,위치 아주 좋음
라마다 바이 윈덤 제주 더 함덕,"제주, 대한민국",7.84성급,직원들이 친절함
파크 선샤인 제주,"서귀포, 대한민국",8.93성급,위치 아주 좋음
베니키아 호텔 제주,"제주, 대한민국",7.53성급,음식이 훌륭함
신신호텔 서귀포,"서귀포, 대한민국",8.04성급
샐리스 제주 호텔,"제주, 대한민국",7.23성급
퍼스트70 호텔,"서귀포, 대한민국",8.14성급
아이미제주비치호텔,"제주, 대한민국",7.23성급,직원들이 친절함
오션 팰리스 호텔,"서귀포, 대한민국",7.44성급,쇼핑하기 편리한 위치
제주 노블레스 관광호텔,"제주, 대한민국",7.83성급
금호 제주 리조트,"서귀포, 대한민국",7.44성급,위치 아주 좋음
호텔 빠레브,"서귀포, 대한민국",8.24성급,객실상태 깨끗함
애월 스테이 인 제주,"제주, 대한민국",8.62성급
위드시티호텔,"제주, 대한민국",7.2
제주 썬호텔,"제주, 대한민국",8.85성급,위치 아주 좋음
블루 하와이 리조트,"제주, 대한민국",7.93성급,직원들이 친절함
머큐어 앰배서더 제주,"서귀포, 대한민국",8.5,침대가 편안함
호텔 화인 제주,"서귀포, 대한민국",9.24성급,객실상태 깨끗함
호텔 스카이파크 제주 1호점,"제주, 대한민국",7.83성급,위치 아주 좋음
엠버 호텔 제주,"제주, 대한민국",8.54성급,직원들이 친절함
호텔더그랑 서귀포,"서귀포, 대한민국",10.03성급
탑스텐 빌라 드 애월,"제주, 대한민국",8.24성급,침대 사이즈가 적당함
호텔 삼해인,"제주, 대한민국",8.1
소랑 풀빌라,"제주, 대한민국",8.43성급
오션스타,"서귀포, 대한민국",평점없음
소노캄 제주,"서귀포, 대한민국",7.54성급,직원들이 친절함
아루미호텔 협재점,"제주, 대한민국",8.03성급
호텔52,"서귀포, 대한민국",7.03성급,위치 아주 좋음
마레보 비치호텔,"제주, 대한민국",8.53성급
엘렌호텔,"서귀포, 대한민국",9.2
베이힐 풀&빌라,"서귀포, 대한민국",9.05성급,전망이 뛰어남
다인 오세아노 호텔,"제주, 대한민국",8.14성급
흰수염 고래 리조트,"제주, 대한민국",8.53성급
그랜드메르 호텔 제주,"서귀포, 대한민국",7.23성급,객실상태 깨끗함
BK호텔 제주,"서귀포, 대한민국",8.53성급,직원들이 친절함
스테이 인 제주,"서귀포, 대한민국",평점없음3성급
코업시티호텔 하버뷰,"서귀포, 대한민국",8.14성급
라온 호텔 앤 리조트,"제주, 대한민국",6.83성급
에벤에셀호텔,"제주, 대한민국",8.5
골드원 호텔&스위트,"서귀포, 대한민국",8.64성급
제주 샹그릴라 호텔앤리조트,"제주, 대한민국",7.83성급
제주 마레보 리조트,"제주, 대한민국",7.63성급
제주 노블피아 호텔,"서귀포, 대한민국",8.6
오션갤러리 호텔앤리조트,"서귀포, 대한민국",9.43성급
올레 리조트,"제주, 대한민국",8.83성급,욕실이 쾌적함
블루스프링부띠끄호텔,"제주, 대한민국",7.13성급
블루 하와이 호텔,"제주, 대한민국",7.7
씨사이드아덴,"서귀포, 대한민국",8.04성급
파르나스 호텔 제주,"서귀포, 대한민국",9.25성급
제주 신라 호텔,"서귀포, 대한민국",9.05성급,수영장이 매우 좋음
랜딩관 제주신화월드 호텔앤리조트,"서귀포, 대한민국",8.35성급
메종 글래드 제주,"제주, 대한민국",8.15성급,직원들이 친절함
롯데 호텔 제주,"서귀포, 대한민국",8.85성급,수영장이 매우 좋음
라마다 프라자 제주 호텔,"제주, 대한민국",8.25성급,오션뷰
신라스테이 제주,"제주, 대한민국",8.04성급,쇼핑하기 편리한 위치
유탑 유블레스호텔,"제주, 대한민국",8.04성급,음식이 맛있음
그랜드 조선 제주,"서귀포, 대한민국",8.95성급
에코랜드 호텔,"제주, 대한민국",8.6
호텔 휘슬락 바이 베스트웨스턴 시그니처 컬렉션,"제주, 대한민국",7.74성급,전망이 뛰어남
베스트웨스턴 제주호텔,"제주, 대한민국",7.64성급,객실상태 깨끗함
탐라스테이 호텔 제주,"제주, 대한민국",7.74성급,객실상태 깨끗함
라마다 제주 시티 호텔,"제주, 대한민국",8.14성급
신화관 제주신화월드 호텔앤리조트,"서귀포, 대한민국",8.35성급
브라운 스위트 제주,"서귀포, 대한민국",7.34성급
서머셋 제주신화월드,"서귀포, 대한민국",8.65성급
휘닉스 제주 섭지코지,"서귀포, 대한민국",7.84성급,음식이 맛있음
더큐브 리조트 제주,"서귀포, 대한민국",8.24성급
호텔 브릿지 서귀포,"서귀포, 대한민국",8.04성급,위치 아주 좋음
호텔 난타,"제주, 대한민국",8.64성급,직원들이 친절함
더 베스트 제주 성산,"서귀포, 대한민국",7.94성급,객실상태 깨끗함
한림리조트,"제주, 대한민국",8.8,음식이 맛있음
메리어트관 제주신화월드 호텔앤리조트,"서귀포, 대한민국",8.45성급
호텔 토스카나,"서귀포, 대한민국",9.05성급,객실이 넓음
서귀포 JS호텔,"서귀포, 대한민국",8.44성급,직원들이 친절함
호텔 샬롬 제주,"제주, 대한민국",7.94성급,위치 아주 좋음
코델리아 S 호텔,"서귀포, 대한민국",7.63성급,위치 아주 좋음
호텔 케니 모슬포,"서귀포, 대한민국",8.43성급
아스타 호텔,"제주, 대한민국",8.44성급,객실상태 깨끗함
골든데이지 서귀포오션 호텔,"서귀포, 대한민국",7.94성급,위치 아주 좋음
스타즈 호텔 제주 로베로점,"제주, 대한민국",8.03성급,객실상태 깨끗함
그라벨 호텔,"제주, 대한민국",8.14성급,직원들이 친절함
훈데르트힐즈,"제주, 대한민국",평점없음
글로스터 호텔 제주,"제주, 대한민국",8.34성급
제주 센트럴시티호텔,"제주, 대한민국",7.73성급,객실상태 깨끗함
신신호텔 천지연,"서귀포, 대한민국",7.94성급
신신호텔 제주공항,"제주, 대한민국",7.64성급,객실상태 깨끗함
플레이스 캠프 제주,"서귀포, 대한민국",8.34성급,침대가 훌륭함
헤이 서귀포,"서귀포, 대한민국",7.93성급
까사로마 호텔,"서귀포, 대한민국",8.83성급,객실이 넓음
캠퍼트리 호텔 앤 리조트,"제주, 대한민국",8.44성급
제주 디 아일랜드 블루 호텔,"서귀포, 대한민국",8.14성급,객실이 넓음
산방산 호텔,"서귀포, 대한민국",8.53성급
유니호텔 제주,"제주, 대한민국",7.74성급,전망이 뛰어남
코업시티호텔 성산,"서귀포, 대한민국",7.94성급,맛있는 아침식사
스위트 호텔 제주,"서귀포, 대한민국",8.35성급,위치 아주 좋음
담모라 리조트,"서귀포, 대한민국",7.33성급
엠버퓨어힐호텔&리조트,"제주, 대한민국",9.25성급
신신호텔 제주월드컵,"서귀포, 대한민국",7.74성급,충분한 주차 공간
벨룸 리조트,"서귀포, 대한민국",8.85성급
오션스위츠 제주 호텔,"제주, 대한민국",8.14성급,객실이 넓음
WE호텔 제주,"서귀포, 대한민국",8.55성급,위치 아주 좋음
라마다 바이 윈덤 제주 더 함덕,"제주, 대한민국",7.84성급,직원들이 친절함
파크 선샤인 제주,"서귀포, 대한민국",8.93성급,위치 아주 좋음
베니키아 호텔 제주,"제주, 대한민국",7.53성급,음식이 훌륭함
신신호텔 서귀포,"서귀포, 대한민국",8.04성급
샐리스 제주 호텔,"제주, 대한민국",7.23성급
퍼스트70 호텔,"서귀포, 대한민국",8.14성급
아이미제주비치호텔,"제주, 대한민국",7.23성급,직원들이 친절함
오션 팰리스 호텔,"서귀포, 대한민국",7.44성급,쇼핑하기 편리한 위치
제주 노블레스 관광호텔,"제주, 대한민국",7.83성급
금호 제주 리조트,"서귀포, 대한민국",7.44성급,위치 아주 좋음
호텔 빠레브,"서귀포, 대한민국",8.24성급,객실상태 깨끗함
애월 스테이 인 제주,"제주, 대한민국",8.62성급
위드시티호텔,"제주, 대한민국",7.2
제주 썬호텔,"제주, 대한민국",8.85성급,위치 아주 좋음
블루 하와이 리조트,"제주, 대한민국",7.93성급,직원들이 친절함
머큐어 앰배서더 제주,"서귀포, 대한민국",8.5,침대가 편안함
호텔 화인 제주,"서귀포, 대한민국",9.24성급,객실상태 깨끗함
호텔 스카이파크 제주 1호점,"제주, 대한민국",7.83성급,위치 아주 좋음
엠버 호텔 제주,"제주, 대한민국",8.54성급,직원들이 친절함
호텔더그랑 서귀포,"서귀포, 대한민국",10.03성급
탑스텐 빌라 드 애월,"제주, 대한민국",8.24성급,침대 사이즈가 적당함
호텔 삼해인,"제주, 대한민국",8.1
소랑 풀빌라,"제주, 대한민국",8.43성급
오션스타,"서귀포, 대한민국",평점없음
소노캄 제주,"서귀포, 대한민국",7.54성급,직원들이 친절함
아루미호텔 협재점,"제주, 대한민국",8.03성급
호텔52,"서귀포, 대한민국",7.03성급,위치 아주 좋음
마레보 비치호텔,"제주, 대한민국",8.53성급
엘렌호텔,"서귀포, 대한민국",9.2
베이힐 풀&빌라,"서귀포, 대한민국",9.05성급,전망이 뛰어남
다인 오세아노 호텔,"제주, 대한민국",8.14성급
흰수염 고래 리조트,"제주, 대한민국",8.53성급
그랜드메르 호텔 제주,"서귀포, 대한민국",7.23성급,객실상태 깨끗함
BK호텔 제주,"서귀포, 대한민국",8.53성급,직원들이 친절함
스테이 인 제주,"서귀포, 대한민국",평점없음3성급
코업시티호텔 하버뷰,"서귀포, 대한민국",8.14성급
라온 호텔 앤 리조트,"제주, 대한민국",6.83성급
에벤에셀호텔,"제주, 대한민국",8.5
골드원 호텔&스위트,"서귀포, 대한민국",8.64성급
제주 샹그릴라 호텔앤리조트,"제주, 대한민국",7.83성급
제주 마레보 리조트,"제주, 대한민국",7.63성급
제주 노블피아 호텔,"서귀포, 대한민국",8.6
오션갤러리 호텔앤리조트,"서귀포, 대한민국",9.43성급
올레 리조트,"제주, 대한민국",8.83성급,욕실이 쾌적함
블루스프링부띠끄호텔,"제주, 대한민국",7.13성급
블루 하와이 호텔,"제주, 대한민국",7.7
씨사이드아덴,"서귀포, 대한민국",8.04성급
파르나스 호텔 제주,"서귀포, 대한민국",9.25성급
제주 신라 호텔,"서귀포, 대한민국",9.05성급,수영장이 매우 좋음
랜딩관 제주신화월드 호텔앤리조트,"서귀포, 대한민국",8.35성급
메종 글래드 제주,"제주, 대한민국",8.15성급,직원들이 친절함
롯데 호텔 제주,"서귀포, 대한민국",8.85성급,수영장이 매우 좋음
라마다 프라자 제주 호텔,"제주, 대한민국",8.25성급,오션뷰
신라스테이 제주,"제주, 대한민국",8.04성급,쇼핑하기 편리한 위치
유탑 유블레스호텔,"제주, 대한민국",8.04성급,음식이 맛있음
그랜드 조선 제주,"서귀포, 대한민국",8.95성급
에코랜드 호텔,"제주, 대한민국",8.6
호텔 휘슬락 바이 베스트웨스턴 시그니처 컬렉션,"제주, 대한민국",7.74성급,전망이 뛰어남
베스트웨스턴 제주호텔,"제주, 대한민국",7.64성급,객실상태 깨끗함
탐라스테이 호텔 제주,"제주, 대한민국",7.74성급,객실상태 깨끗함
라마다 제주 시티 호텔,"제주, 대한민국",8.14성급
신화관 제주신화월드 호텔앤리조트,"서귀포, 대한민국",8.35성급
해비치 호텔 & 리조트,"서귀포, 대한민국",8.65성급,직원들이 친절함
브라운 스위트 제주,"서귀포, 대한민국",7.34성급
서머셋 제주신화월드,"서귀포, 대한민국",8.65성급
휘닉스 제주 섭지코지,"서귀포, 대한민국",7.84성급,음식이 맛있음
더큐브 리조트 제주,"서귀포, 대한민국",8.24성급
호텔 브릿지 서귀포,"서귀포, 대한민국",8.04성급,음식이 훌륭함
호텔 난타,"제주, 대한민국",8.64성급,직원들이 친절함
더 베스트 제주 성산,"서귀포, 대한민국",7.94성급,객실상태 깨끗함
한림리조트,"제주, 대한민국",8.8,음식이 맛있음
메리어트관 제주신화월드 호텔앤리조트,"서귀포, 대한민국",8.45성급
호텔 토스카나,"서귀포, 대한민국",9.05성급,객실이 넓음
서귀포 JS호텔,"서귀포, 대한민국",8.44성급,직원들이 친절함
호텔 샬롬 제주,"제주, 대한민국",7.94성급,위치 아주 좋음
코델리아 S 호텔,"서귀포, 대한민국",7.63성급,위치 아주 좋음
호텔 케니 모슬포,"서귀포, 대한민국",8.43성급
아스타 호텔,"제주, 대한민국",8.44성급,객실상태 깨끗함
골든데이지 서귀포오션 호텔,"서귀포, 대한민국",7.94성급,위치 아주 좋음
스타즈 호텔 제주 로베로점,"제주, 대한민국",8.03성급,객실상태 깨끗함
그라벨 호텔,"제주, 대한민국",8.14성급,직원들이 친절함
훈데르트힐즈,"제주, 대한민국",평점없음
글로스터 호텔 제주,"제주, 대한민국",8.34성급
엠스테이 호텔 제주,"서귀포, 대한민국",7.84성급,위치 아주 좋음
제주 센트럴시티호텔,"제주, 대한민국",7.73성급,객실상태 깨끗함
신신호텔 천지연,"서귀포, 대한민국",7.94성급
신신호텔 제주공항,"제주, 대한민국",7.64성급,객실상태 깨끗함
플레이스 캠프 제주,"서귀포, 대한민국",8.34성급,침대가 훌륭함
헤이 서귀포,"서귀포, 대한민국",7.93성급
루체빌,"서귀포, 대한민국",8.43성급
까사로마 호텔,"서귀포, 대한민국",8.83성급,객실이 넓음
캠퍼트리 호텔 앤 리조트,"제주, 대한민국",8.44성급
제주 디 아일랜드 블루 호텔,"서귀포, 대한민국",8.14성급,객실이 넓음
산방산 호텔,"서귀포, 대한민국",8.53성급
유니호텔 제주,"제주, 대한민국",7.74성급,전망이 뛰어남
코업시티호텔 성산,"서귀포, 대한민국",7.94성급,맛있는 아침식사
스위트 호텔 제주,"서귀포, 대한민국",8.35성급,위치 아주 좋음
담모라 리조트,"서귀포, 대한민국",7.33성급
엠버퓨어힐호텔&리조트,"제주, 대한민국",9.25성급
신신호텔 제주월드컵,"서귀포, 대한민국",7.74성급,충분한 주차 공간
벨룸 리조트,"서귀포, 대한민국",8.85성급
오션스위츠 제주 호텔,"제주, 대한민국",8.14성급,객실이 넓음
WE호텔 제주,"서귀포, 대한민국",8.55성급,위치 아주 좋음
제주 아리아 호텔,"서귀포, 대한민국",8.43성급,객실상태 깨끗함
라마다 바이 윈덤 제주 더 함덕,"제주, 대한민국",7.84성급,직원들이 친절함
파크 선샤인 제주,"서귀포, 대한민국",8.93성급,위치 아주 좋음
베니키아 호텔 제주,"제주, 대한민국",7.53성급,음식이 훌륭함
호텔 더 원,"제주, 대한민국",7.44성급,객실상태 깨끗함
신신호텔 서귀포,"서귀포, 대한민국",8.04성급
샐리스 제주 호텔,"제주, 대한민국",7.23성급
퍼스트70 호텔,"서귀포, 대한민국",8.14성급
씨오르리조트,"서귀포, 대한민국",8.43성급
아이미제주비치호텔,"제주, 대한민국",7.23성급,직원들이 친절함
오션 팰리스 호텔,"서귀포, 대한민국",7.44성급,쇼핑하기 편리한 위치
제주 노블레스 관광호텔,"제주, 대한민국",7.83성급
금호 제주 리조트,"서귀포, 대한민국",7.44성급,위치 아주 좋음
호텔 빠레브,"서귀포, 대한민국",8.24성급,객실상태 깨끗함
호텔 레오,"제주, 대한민국",8.94성급,침대가 편안함
애월 스테이 인 제주,"제주, 대한민국",8.62성급
위드시티호텔,"제주, 대한민국",7.2
오션블루 호텔,"서귀포, 대한민국",7.23성급
제주 썬호텔,"제주, 대한민국",8.85성급,위치 아주 좋음
블루 하와이 리조트,"제주, 대한민국",7.93성급,직원들이 친절함
머큐어 앰배서더 제주,"서귀포, 대한민국",8.5,침대가 편안함
호텔 화인 제주,"서귀포, 대한민국",9.24성급,객실상태 깨끗함
호텔 스카이파크 제주 1호점,"제주, 대한민국",7.83성급,위치 아주 좋음
엠버 호텔 제주,"제주, 대한민국",8.54성급,직원들이 친절함
호텔더그랑 서귀포,"서귀포, 대한민국",10.03성급
탑스텐 빌라 드 애월,"제주, 대한민국",8.24성급,침대 사이즈가 적당함
호텔 삼해인,"제주, 대한민국",8.1
소랑 풀빌라,"제주, 대한민국",8.43성급
오션스타,"서귀포, 대한민국",평점없음
소노캄 제주,"서귀포, 대한민국",7.54성급,직원들이 친절함
아루미호텔 협재점,"제주, 대한민국",8.03성급
호텔52,"서귀포, 대한민국",7.03성급,위치 아주 좋음
마레보 비치호텔,"제주, 대한민국",8.53성급
엘렌호텔,"서귀포, 대한민국",9.2
베이힐 풀&빌라,"서귀포, 대한민국",9.05성급,전망이 뛰어남
제주 부영 리조트,"서귀포, 대한민국",8.7
다인 오세아노 호텔,"제주, 대한민국",8.14성급
흰수염 고래 리조트,"제주, 대한민국",8.53성급
소노벨 제주,"제주, 대한민국",7.94성급,위치 아주 좋음
스위트메이서귀포호텔,"서귀포, 대한민국",8.44성급,위치 아주 좋음
그랜드메르 호텔 제주,"서귀포, 대한민국",7.23성급,객실상태 깨끗함
BK호텔 제주,"서귀포, 대한민국",8.53성급,직원들이 친절함
스테이 인 제주,"서귀포, 대한민국",평점없음3성급
코업시티호텔 하버뷰,"서귀포, 대한민국",8.14성급
파르나스 호텔 제주,"서귀포, 대한민국",9.25성급
제주 신라 호텔,"서귀포, 대한민국",9.05성급,직원들이 친절함
랜딩관 제주신화월드 호텔앤리조트,"서귀포, 대한민국",8.35성급
메종 글래드 제주,"제주, 대한민국",8.15성급,위치 아주 좋음
롯데 호텔 제주,"서귀포, 대한민국",8.85성급,음식이 훌륭함
라마다 프라자 제주 호텔,"제주, 대한민국",8.25성급,직원들이 친절함
신라스테이 제주,"제주, 대한민국",8.04성급,침대가 편안함
유탑 유블레스호텔,"제주, 대한민국",8.04성급,음식이 맛있음
그랜드 조선 제주,"서귀포, 대한민국",8.95성급
에코랜드 호텔,"제주, 대한민국",8.6
호텔 휘슬락 바이 베스트웨스턴 시그니처 컬렉션,"제주, 대한민국",7.74성급,위치 아주 좋음
베스트웨스턴 제주호텔,"제주, 대한민국",7.64성급,직원들이 친절함
탐라스테이 호텔 제주,"제주, 대한민국",7.74성급,직원들이 친절함
라마다 제주 시티 호텔,"제주, 대한민국",8.14성급
신화관 제주신화월드 호텔앤리조트,"서귀포, 대한민국",8.35성급
해비치 호텔 & 리조트,"서귀포, 대한민국",8.65성급,객실상태 깨끗함
브라운 스위트 제주,"서귀포, 대한민국",7.34성급
서머셋 제주신화월드,"서귀포, 대한민국",8.65성급
휘닉스 제주 섭지코지,"서귀포, 대한민국",7.84성급,위치 아주 좋음
더큐브 리조트 제주,"서귀포, 대한민국",8.24성급
호텔 브릿지 서귀포,"서귀포, 대한민국",8.04성급,음식이 훌륭함
호텔 난타,"제주, 대한민국",8.64성급,직원들이 친절함
더 베스트 제주 성산,"서귀포, 대한민국",7.94성급,객실상태 깨끗함
한림리조트,"제주, 대한민국",8.8,음식이 맛있음
메리어트관 제주신화월드 호텔앤리조트,"서귀포, 대한민국",8.45성급
호텔 토스카나,"서귀포, 대한민국",9.05성급,객실이 넓음
서귀포 JS호텔,"서귀포, 대한민국",8.44성급,직원들이 친절함
호텔 샬롬 제주,"제주, 대한민국",7.94성급,위치 아주 좋음
코델리아 S 호텔,"서귀포, 대한민국",7.63성급,위치 아주 좋음
함덕비치스테이제주,"제주, 대한민국",8.2
호텔 케니 모슬포,"서귀포, 대한민국",8.43성급
아스타 호텔,"제주, 대한민국",8.44성급,객실상태 깨끗함
골든데이지 서귀포오션 호텔,"서귀포, 대한민국",7.94성급,위치 아주 좋음
스타즈 호텔 제주 로베로점,"제주, 대한민국",8.03성급,객실상태 깨끗함
그라벨 호텔,"제주, 대한민국",8.14성급,직원들이 친절함
훈데르트힐즈,"제주, 대한민국",평점없음
글로스터 호텔 제주,"제주, 대한민국",8.34성급
엠스테이 호텔 제주,"서귀포, 대한민국",7.84성급,위치 아주 좋음
제주 센트럴시티호텔,"제주, 대한민국",7.73성급,객실상태 깨끗함
신신호텔 천지연,"서귀포, 대한민국",7.94성급
신신호텔 제주공항,"제주, 대한민국",7.64성급,객실상태 깨끗함
플레이스 캠프 제주,"서귀포, 대한민국",8.34성급,침대가 훌륭함
헤이 서귀포,"서귀포, 대한민국",7.93성급
루체빌,"서귀포, 대한민국",8.43성급
까사로마 호텔,"서귀포, 대한민국",8.83성급,객실이 넓음
캠퍼트리 호텔 앤 리조트,"제주, 대한민국",8.44성급
제주 디 아일랜드 블루 호텔,"서귀포, 대한민국",8.14성급,객실이 넓음
산방산 호텔,"서귀포, 대한민국",8.53성급
유니호텔 제주,"제주, 대한민국",7.74성급,전망이 뛰어남
코업시티호텔 성산,"서귀포, 대한민국",7.94성급,맛있는 아침식사
스위트 호텔 제주,"서귀포, 대한민국",8.35성급,위치 아주 좋음
담모라 리조트,"서귀포, 대한민국",7.33성급
엠버퓨어힐호텔&리조트,"제주, 대한민국",9.25성급
신신호텔 제주월드컵,"서귀포, 대한민국",7.74성급,충분한 주차 공간
벨룸 리조트,"서귀포, 대한민국",8.85성급
오션스위츠 제주 호텔,"제주, 대한민국",8.14성급,객실이 넓음
WE호텔 제주,"서귀포, 대한민국",8.55성급,위치 아주 좋음
제주 아리아 호텔,"서귀포, 대한민국",8.43성급,객실상태 깨끗함
라마다 바이 윈덤 제주 더 함덕,"제주, 대한민국",7.84성급,직원들이 친절함
파크 선샤인 제주,"서귀포, 대한민국",8.93성급,위치 아주 좋음
베니키아 호텔 제주,"제주, 대한민국",7.53성급,위치 아주 좋음
호텔 더 원,"제주, 대한민국",7.44성급,직원들이 친절함
신신호텔 서귀포,"서귀포, 대한민국",8.04성급
샐리스 제주 호텔,"제주, 대한민국",7.23성급
퍼스트70 호텔,"서귀포, 대한민국",8.14성급
씨오르리조트,"서귀포, 대한민국",8.43성급
아이미제주비치호텔,"제주, 대한민국",7.23성급,오션뷰
오션 팰리스 호텔,"서귀포, 대한민국",7.44성급,객실이 넓음
제주 노블레스 관광호텔,"제주, 대한민국",7.83성급
금호 제주 리조트,"서귀포, 대한민국",7.44성급,위치 아주 좋음
호텔 빠레브,"서귀포, 대한민국",8.24성급,객실상태 깨끗함
호텔 레오,"제주, 대한민국",8.94성급,침대가 편안함
애월 스테이 인 제주,"제주, 대한민국",8.62성급
위드시티호텔,"제주, 대한민국",7.2
오션블루 호텔,"서귀포, 대한민국",7.23성급
제주 썬호텔,"제주, 대한민국",8.85성급,위치 아주 좋음
블루 하와이 리조트,"제주, 대한민국",7.93성급,직원들이 친절함
머큐어 앰배서더 제주,"서귀포, 대한민국",8.5,침대가 편안함
호텔 화인 제주,"서귀포, 대한민국",9.24성급,객실상태 깨끗함
호텔 스카이파크 제주 1호점,"제주, 대한민국",7.83성급,위치 아주 좋음
엠버 호텔 제주,"제주, 대한민국",8.54성급,직원들이 친절함
호텔더그랑 서귀포,"서귀포, 대한민국",10.03성급
탑스텐 빌라 드 애월,"제주, 대한민국",8.24성급,침대 사이즈가 적당함
호텔 삼해인,"제주, 대한민국",8.1
소랑 풀빌라,"제주, 대한민국",8.43성급
오션스타,"서귀포, 대한민국",평점없음
소노캄 제주,"서귀포, 대한민국",7.54성급,직원들이 친절함
아루미호텔 협재점,"제주, 대한민국",8.03성급
호텔52,"서귀포, 대한민국",7.03성급,위치 아주 좋음
마레보 비치호텔,"제주, 대한민국",8.53성급
엘렌호텔,"서귀포, 대한민국",9.2
베이힐 풀&빌라,"서귀포, 대한민국",9.05성급,전망이 뛰어남
제주 부영 리조트,"서귀포, 대한민국",8.7
다인 오세아노 호텔,"제주, 대한민국",8.14성급
르메인호텔,"제주, 대한민국",8.9
흰수염 고래 리조트,"제주, 대한민국",8.53성급
소노벨 제주,"제주, 대한민국",7.94성급,위치 아주 좋음
스위트메이서귀포호텔,"서귀포, 대한민국",8.44성급,위치 아주 좋음
그랜드메르 호텔 제주,"서귀포, 대한민국",7.23성급,객실상태 깨끗함
BK호텔 제주,"서귀포, 대한민국",8.53성급,직원들이 친절함
파르나스 호텔 제주,"서귀포, 대한민국",9.25성급
제주 신라 호텔,"서귀포, 대한민국",9.05성급,수영장이 매우 좋음
랜딩관 제주신화월드 호텔앤리조트,"서귀포, 대한민국",8.35성급
메종 글래드 제주,"제주, 대한민국",8.15성급,직원들이 친절함
롯데 호텔 제주,"서귀포, 대한민국",8.85성급,수영장이 매우 좋음
라마다 프라자 제주 호텔,"제주, 대한민국",8.25성급,오션뷰
신라스테이 제주,"제주, 대한민국",8.04성급,쇼핑하기 편리한 위치
유탑 유블레스호텔,"제주, 대한민국",8.04성급,음식이 맛있음
그랜드 조선 제주,"서귀포, 대한민국",8.95성급
에코랜드 호텔,"제주, 대한민국",8.6
호텔 휘슬락 바이 베스트웨스턴 시그니처 컬렉션,"제주, 대한민국",7.74성급,전망이 뛰어남
베스트웨스턴 제주호텔,"제주, 대한민국",7.64성급,객실상태 깨끗함
탐라스테이 호텔 제주,"제주, 대한민국",7.74성급,객실상태 깨끗함
라마다 제주 시티 호텔,"제주, 대한민국",8.14성급
신화관 제주신화월드 호텔앤리조트,"서귀포, 대한민국",8.35성급
해비치 호텔 & 리조트,"서귀포, 대한민국",8.65성급,직원들이 친절함
브라운 스위트 제주,"서귀포, 대한민국",7.34성급
서머셋 제주신화월드,"서귀포, 대한민국",8.65성급
휘닉스 제주 섭지코지,"서귀포, 대한민국",7.84성급,음식이 맛있음
더큐브 리조트 제주,"서귀포, 대한민국",8.24성급
호텔 브릿지 서귀포,"서귀포, 대한민국",8.04성급,음식이 훌륭함
호텔 시리우스,"제주, 대한민국",8.34성급
호텔 난타,"제주, 대한민국",8.64성급,직원들이 친절함
더 베스트 제주 성산,"서귀포, 대한민국",7.94성급,객실상태 깨끗함
한림리조트,"제주, 대한민국",8.8,음식이 맛있음
메리어트관 제주신화월드 호텔앤리조트,"서귀포, 대한민국",8.45성급
호텔 토스카나,"서귀포, 대한민국",9.05성급,객실이 넓음
호텔 샬롬 제주,"제주, 대한민국",7.94성급,위치 아주 좋음
코델리아 S 호텔,"서귀포, 대한민국",7.63성급,위치 아주 좋음
함덕비치스테이제주,"제주, 대한민국",8.2
호텔 케니 모슬포,"서귀포, 대한민국",8.43성급
더 그랜드 섬오름,"서귀포, 대한민국",8.34성급,수영장이 매우 좋음
아스타 호텔,"제주, 대한민국",8.44성급,객실상태 깨끗함
골든데이지 서귀포오션 호텔,"서귀포, 대한민국",7.94성급,위치 아주 좋음
스타즈 호텔 제주 로베로점,"제주, 대한민국",8.03성급,객실상태 깨끗함
그라벨 호텔,"제주, 대한민국",8.14성급,직원들이 친절함
훈데르트힐즈,"제주, 대한민국",평점없음
글로스터 호텔 제주,"제주, 대한민국",8.34성급
엠스테이 호텔 제주,"서귀포, 대한민국",7.84성급,위치 아주 좋음
제주 센트럴시티호텔,"제주, 대한민국",7.73성급,객실상태 깨끗함
신신호텔 천지연,"서귀포, 대한민국",7.94성급
신신호텔 제주공항,"제주, 대한민국",7.64성급,객실상태 깨끗함
플레이스 캠프 제주,"서귀포, 대한민국",8.34성급,침대가 훌륭함
헤이 서귀포,"서귀포, 대한민국",7.93성급
루체빌,"서귀포, 대한민국",8.43성급
까사로마 호텔,"서귀포, 대한민국",8.83성급,객실이 넓음
캠퍼트리 호텔 앤 리조트,"제주, 대한민국",8.44성급
제주 디 아일랜드 블루 호텔,"서귀포, 대한민국",8.14성급,객실이 넓음
산방산 호텔,"서귀포, 대한민국",8.53성급
유니호텔 제주,"제주, 대한민국",7.74성급,전망이 뛰어남
스위트 호텔 제주,"서귀포, 대한민국",8.35성급,위치 아주 좋음
담모라 리조트,"서귀포, 대한민국",7.33성급
엠버퓨어힐호텔&리조트,"제주, 대한민국",9.25성급
신신호텔 제주월드컵,"서귀포, 대한민국",7.74성급,충분한 주차 공간
벨룸 리조트,"서귀포, 대한민국",8.85성급
오션스위츠 제주 호텔,"제주, 대한민국",8.14성급,객실이 넓음
WE호텔 제주,"서귀포, 대한민국",8.55성급,위치 아주 좋음
제주 아리아 호텔,"서귀포, 대한민국",8.43성급,객실상태 깨끗함
라마다 바이 윈덤 제주 더 함덕,"제주, 대한민국",7.84성급,직원들이 친절함
파크 선샤인 제주,"서귀포, 대한민국",8.93성급,위치 아주 좋음
베니키아 호텔 제주,"제주, 대한민국",7.53성급,음식이 훌륭함
호텔 더 원,"제주, 대한민국",7.44성급,객실상태 깨끗함
신신호텔 서귀포,"서귀포, 대한민국",8.04성급
샐리스 제주 호텔,"제주, 대한민국",7.23성급
퍼스트70 호텔,"서귀포, 대한민국",8.14성급
씨오르리조트,"서귀포, 대한민국",8.43성급
아이미제주비치호텔,"제주, 대한민국",7.23성급,직원들이 친절함
오션 팰리스 호텔,"서귀포, 대한민국",7.44성급,쇼핑하기 편리한 위치
제주 노블레스 관광호텔,"제주, 대한민국",7.83성급
금호 제주 리조트,"서귀포, 대한민국",7.44성급,위치 아주 좋음
호텔 빠레브,"서귀포, 대한민국",8.24성급,객실상태 깨끗함
호텔 레오,"제주, 대한민국",8.94성급,침대가 편안함
애월 스테이 인 제주,"제주, 대한민국",8.62성급
위드시티호텔,"제주, 대한민국",7.2
오션블루 호텔,"서귀포, 대한민국",7.23성급
제주 썬호텔,"제주, 대한민국",8.85성급,위치 아주 좋음
블루 하와이 리조트,"제주, 대한민국",7.93성급,직원들이 친절함
머큐어 앰배서더 제주,"서귀포, 대한민국",8.5,침대가 편안함
호텔 화인 제주,"서귀포, 대한민국",9.24성급,객실상태 깨끗함
호텔 스카이파크 제주 1호점,"제주, 대한민국",7.83성급,위치 아주 좋음
엠버 호텔 제주,"제주, 대한민국",8.54성급,직원들이 친절함
호텔더그랑 서귀포,"서귀포, 대한민국",10.03성급
탑스텐 빌라 드 애월,"제주, 대한민국",8.24성급,침대 사이즈가 적당함
호텔 삼해인,"제주, 대한민국",8.1
소랑 풀빌라,"제주, 대한민국",8.43성급
오션스타,"서귀포, 대한민국",평점없음
소노캄 제주,"서귀포, 대한민국",7.54성급,직원들이 친절함
아루미호텔 협재점,"제주, 대한민국",8.03성급
호텔52,"서귀포, 대한민국",7.03성급,위치 아주 좋음
마레보 비치호텔,"제주, 대한민국",8.53성급
엘렌호텔,"서귀포, 대한민국",9.2
베이힐 풀&빌라,"서귀포, 대한민국",9.05성급,전망이 뛰어남
제주 부영 리조트,"서귀포, 대한민국",8.7
다인 오세아노 호텔,"제주, 대한민국",8.14성급
르메인호텔,"제주, 대한민국",8.9
흰수염 고래 리조트,"제주, 대한민국",8.53성급
소노벨 제주,"제주, 대한민국",7.94성급,위치 아주 좋음
그랜드메르 호텔 제주,"서귀포, 대한민국",7.23성급,객실상태 깨끗함
BK호텔 제주,"서귀포, 대한민국",8.53성급,직원들이 친절함
스테이 인 제주,"서귀포, 대한민국",평점없음3성급
파르나스 호텔 제주,"서귀포, 대한민국",9.25성급
제주 신라 호텔,"서귀포, 대한민국",9.05성급,직원들이 친절함
랜딩관 제주신화월드 호텔앤리조트,"서귀포, 대한민국",8.35성급
메종 글래드 제주,"제주, 대한민국",8.15성급,위치 아주 좋음
롯데 호텔 제주,"서귀포, 대한민국",8.85성급,음식이 훌륭함
라마다 프라자 제주 호텔,"제주, 대한민국",8.25성급,직원들이 친절함
신라스테이 제주,"제주, 대한민국",8.04성급,침대가 편안함
유탑 유블레스호텔,"제주, 대한민국",8.04성급,음식이 맛있음
그랜드 조선 제주,"서귀포, 대한민국",8.95성급
에코랜드 호텔,"제주, 대한민국",8.6
호텔 휘슬락 바이 베스트웨스턴 시그니처 컬렉션,"제주, 대한민국",7.74성급,위치 아주 좋음
베스트웨스턴 제주호텔,"제주, 대한민국",7.64성급,직원들이 친절함
탐라스테이 호텔 제주,"제주, 대한민국",7.74성급,직원들이 친절함
라마다 제주 시티 호텔,"제주, 대한민국",8.14성급
신화관 제주신화월드 호텔앤리조트,"서귀포, 대한민국",8.35성급
해비치 호텔 & 리조트,"서귀포, 대한민국",8.65성급,객실상태 깨끗함
브라운 스위트 제주,"서귀포, 대한민국",7.34성급
서머셋 제주신화월드,"서귀포, 대한민국",8.65성급
휘닉스 제주 섭지코지,"서귀포, 대한민국",7.84성급,위치 아주 좋음
더큐브 리조트 제주,"서귀포, 대한민국",8.24성급
호텔 브릿지 서귀포,"서귀포, 대한민국",8.04성급,음식이 훌륭함
호텔 시리우스,"제주, 대한민국",8.34성급
호텔 난타,"제주, 대한민국",8.64성급,직원들이 친절함
더 베스트 제주 성산,"서귀포, 대한민국",7.94성급,객실상태 깨끗함
한림리조트,"제주, 대한민국",8.8,음식이 맛있음
메리어트관 제주신화월드 호텔앤리조트,"서귀포, 대한민국",8.45성급
호텔 토스카나,"서귀포, 대한민국",9.05성급,객실이 넓음
서귀포 JS호텔,"서귀포, 대한민국",8.44성급,직원들이 친절함
호텔 샬롬 제주,"제주, 대한민국",7.94성급,위치 아주 좋음
코델리아 S 호텔,"서귀포, 대한민국",7.63성급,위치 아주 좋음
함덕비치스테이제주,"제주, 대한민국",8.2
호텔 케니 모슬포,"서귀포, 대한민국",8.43성급
더 그랜드 섬오름,"서귀포, 대한민국",8.34성급,수영장이 매우 좋음
아스타 호텔,"제주, 대한민국",8.44성급,객실상태 깨끗함
골든데이지 서귀포오션 호텔,"서귀포, 대한민국",7.94성급,위치 아주 좋음
스타즈 호텔 제주 로베로점,"제주, 대한민국",8.03성급,객실상태 깨끗함
그라벨 호텔,"제주, 대한민국",8.14성급,직원들이 친절함
훈데르트힐즈,"제주, 대한민국",평점없음
글로스터 호텔 제주,"제주, 대한민국",8.34성급
엠스테이 호텔 제주,"서귀포, 대한민국",7.84성급,위치 아주 좋음
제주 센트럴시티호텔,"제주, 대한민국",7.73성급,객실상태 깨끗함
신신호텔 천지연,"서귀포, 대한민국",7.94성급
신신호텔 제주공항,"제주, 대한민국",7.64성급,직원들이 친절함
플레이스 캠프 제주,"서귀포, 대한민국",8.34성급,침대가 훌륭함
헤이 서귀포,"서귀포, 대한민국",7.93성급
루체빌,"서귀포, 대한민국",8.43성급
까사로마 호텔,"서귀포, 대한민국",8.83성급,전망이 뛰어남
캠퍼트리 호텔 앤 리조트,"제주, 대한민국",8.44성급
제주 디 아일랜드 블루 호텔,"서귀포, 대한민국",8.14성급,위치 아주 좋음
산방산 호텔,"서귀포, 대한민국",8.53성급
유니호텔 제주,"제주, 대한민국",7.74성급,객실상태 깨끗함
스위트 호텔 제주,"서귀포, 대한민국",8.35성급,직원들이 친절함
담모라 리조트,"서귀포, 대한민국",7.33성급
엠버퓨어힐호텔&리조트,"제주, 대한민국",9.25성급
신신호텔 제주월드컵,"서귀포, 대한민국",7.74성급,객실상태 깨끗함
벨룸 리조트,"서귀포, 대한민국",8.85성급
오션스위츠 제주 호텔,"제주, 대한민국",8.14성급,오션뷰
WE호텔 제주,"서귀포, 대한민국",8.55성급,수영장이 매우 좋음
제주 아리아 호텔,"서귀포, 대한민국",8.43성급,직원들이 친절함
라마다 바이 윈덤 제주 더 함덕,"제주, 대한민국",7.84성급,객실상태 깨끗함
파크 선샤인 제주,"서귀포, 대한민국",8.93성급,위치 아주 좋음
베니키아 호텔 제주,"제주, 대한민국",7.53성급,음식이 훌륭함
신신호텔 서귀포,"서귀포, 대한민국",8.04성급
샐리스 제주 호텔,"제주, 대한민국",7.23성급
퍼스트70 호텔,"서귀포, 대한민국",8.14성급
씨오르리조트,"서귀포, 대한민국",8.43성급
아이미제주비치호텔,"제주, 대한민국",7.23성급,직원들이 친절함
오션 팰리스 호텔,"서귀포, 대한민국",7.44성급,쇼핑하기 편리한 위치
제주 노블레스 관광호텔,"제주, 대한민국",7.83성급
금호 제주 리조트,"서귀포, 대한민국",7.44성급,위치 아주 좋음
호텔 레오,"제주, 대한민국",8.94성급,침대가 편안함
애월 스테이 인 제주,"제주, 대한민국",8.62성급
위드시티호텔,"제주, 대한민국",7.2
오션블루 호텔,"서귀포, 대한민국",7.23성급
제주 썬호텔,"제주, 대한민국",8.85성급,위치 아주 좋음
블루 하와이 리조트,"제주, 대한민국",7.93성급,직원들이 친절함
머큐어 앰배서더 제주,"서귀포, 대한민국",8.5,침대가 편안함
호텔 화인 제주,"서귀포, 대한민국",9.24성급,객실상태 깨끗함
호텔 스카이파크 제주 1호점,"제주, 대한민국",7.83성급,위치 아주 좋음
엠버 호텔 제주,"제주, 대한민국",8.54성급,직원들이 친절함
호텔더그랑 서귀포,"서귀포, 대한민국",10.03성급
탑스텐 빌라 드 애월,"제주, 대한민국",8.24성급,침대 사이즈가 적당함
호텔 삼해인,"제주, 대한민국",8.1
소랑 풀빌라,"제주, 대한민국",8.43성급
오션스타,"서귀포, 대한민국",평점없음
소노캄 제주,"서귀포, 대한민국",7.54성급,직원들이 친절함
아루미호텔 협재점,"제주, 대한민국",8.03성급
호텔52,"서귀포, 대한민국",7.03성급,위치 아주 좋음
마레보 비치호텔,"제주, 대한민국",8.53성급
엘렌호텔,"서귀포, 대한민국",9.2
베이힐 풀&빌라,"서귀포, 대한민국",9.05성급,전망이 뛰어남
제주 부영 리조트,"서귀포, 대한민국",8.7
다인 오세아노 호텔,"제주, 대한민국",8.14성급
르메인호텔,"제주, 대한민국",8.9
흰수염 고래 리조트,"제주, 대한민국",8.53성급
소노벨 제주,"제주, 대한민국",7.94성급,위치 아주 좋음
그랜드메르 호텔 제주,"서귀포, 대한민국",7.23성급,객실상태 깨끗함
BK호텔 제주,"서귀포, 대한민국",8.53성급,직원들이 친절함
스테이 인 제주,"서귀포, 대한민국",평점없음3성급
코업시티호텔 하버뷰,"서귀포, 대한민국",8.14성급
파르나스 호텔 제주,"서귀포, 대한민국",9.25성급
제주 신라 호텔,"서귀포, 대한민국",9.05성급,수영장이 매우 좋음
랜딩관 제주신화월드 호텔앤리조트,"서귀포, 대한민국",8.35성급
메종 글래드 제주,"제주, 대한민국",8.15성급,직원들이 친절함
롯데 호텔 제주,"서귀포, 대한민국",8.85성급,수영장이 매우 좋음
라마다 프라자 제주 호텔,"제주, 대한민국",8.25성급,오션뷰
신라스테이 제주,"제주, 대한민국",8.04성급,쇼핑하기 편리한 위치
유탑 유블레스호텔,"제주, 대한민국",8.04성급,음식이 맛있음
그랜드 조선 제주,"서귀포, 대한민국",8.95성급
에코랜드 호텔,"제주, 대한민국",8.6
호텔 휘슬락 바이 베스트웨스턴 시그니처 컬렉션,"제주, 대한민국",7.74성급,전망이 뛰어남
베스트웨스턴 제주호텔,"제주, 대한민국",7.64성급,객실상태 깨끗함
탐라스테이 호텔 제주,"제주, 대한민국",7.74성급,객실상태 깨끗함
라마다 제주 시티 호텔,"제주, 대한민국",8.14성급
신화관 제주신화월드 호텔앤리조트,"서귀포, 대한민국",8.35성급
해비치 호텔 & 리조트,"서귀포, 대한민국",8.65성급,직원들이 친절함
브라운 스위트 제주,"서귀포, 대한민국",7.34성급
서머셋 제주신화월드,"서귀포, 대한민국",8.65성급
휘닉스 제주 섭지코지,"서귀포, 대한민국",7.84성급,음식이 맛있음
더큐브 리조트 제주,"서귀포, 대한민국",8.24성급
호텔 브릿지 서귀포,"서귀포, 대한민국",8.04성급,음식이 훌륭함
호텔 시리우스,"제주, 대한민국",8.34성급
호텔 난타,"제주, 대한민국",8.64성급,직원들이 친절함
더 베스트 제주 성산,"서귀포, 대한민국",7.94성급,객실상태 깨끗함
한림리조트,"제주, 대한민국",8.8,음식이 맛있음
메리어트관 제주신화월드 호텔앤리조트,"서귀포, 대한민국",8.45성급
호텔 토스카나,"서귀포, 대한민국",9.05성급,객실이 넓음
서귀포 JS호텔,"서귀포, 대한민국",8.44성급,직원들이 친절함
호텔 샬롬 제주,"제주, 대한민국",7.94성급,위치 아주 좋음
코델리아 S 호텔,"서귀포, 대한민국",7.63성급,위치 아주 좋음
함덕비치스테이제주,"제주, 대한민국",8.2
호텔 케니 모슬포,"서귀포, 대한민국",8.43성급
더 그랜드 섬오름,"서귀포, 대한민국",8.34성급,수영장이 매우 좋음
아스타 호텔,"제주, 대한민국",8.44성급,객실상태 깨끗함
골든데이지 서귀포오션 호텔,"서귀포, 대한민국",7.94성급,위치 아주 좋음
스타즈 호텔 제주 로베로점,"제주, 대한민국",8.03성급,객실상태 깨끗함
그라벨 호텔,"제주, 대한민국",8.14성급,직원들이 친절함
훈데르트힐즈,"제주, 대한민국",평점없음
글로스터 호텔 제주,"제주, 대한민국",8.34성급
엠스테이 호텔 제주,"서귀포, 대한민국",7.84성급,위치 아주 좋음
제주 센트럴시티호텔,"제주, 대한민국",7.73성급,객실상태 깨끗함
신신호텔 천지연,"서귀포, 대한민국",7.94성급
신신호텔 제주공항,"제주, 대한민국",7.64성급,직원들이 친절함
플레이스 캠프 제주,"서귀포, 대한민국",8.34성급,침대가 훌륭함
헤이 서귀포,"서귀포, 대한민국",7.93성급
루체빌,"서귀포, 대한민국",8.43성급
까사로마 호텔,"서귀포, 대한민국",8.83성급,전망이 뛰어남
캠퍼트리 호텔 앤 리조트,"제주, 대한민국",8.44성급
제주 디 아일랜드 블루 호텔,"서귀포, 대한민국",8.14성급,위치 아주 좋음
산방산 호텔,"서귀포, 대한민국",8.53성급
유니호텔 제주,"제주, 대한민국",7.74성급,객실상태 깨끗함
스위트 호텔 제주,"서귀포, 대한민국",8.35성급,직원들이 친절함
담모라 리조트,"서귀포, 대한민국",7.33성급
엠버퓨어힐호텔&리조트,"제주, 대한민국",9.25성급
신신호텔 제주월드컵,"서귀포, 대한민국",7.74성급,객실상태 깨끗함
벨룸 리조트,"서귀포, 대한민국",8.85성급
오션스위츠 제주 호텔,"제주, 대한민국",8.14성급,객실이 넓음
WE호텔 제주,"서귀포, 대한민국",8.55성급,위치 아주 좋음
제주 아리아 호텔,"서귀포, 대한민국",8.43성급,객실상태 깨끗함
라마다 바이 윈덤 제주 더 함덕,"제주, 대한민국",7.84성급,직원들이 친절함
파크 선샤인 제주,"서귀포, 대한민국",8.93성급,위치 아주 좋음
베니키아 호텔 제주,"제주, 대한민국",7.53성급,음식이 훌륭함
신신호텔 서귀포,"서귀포, 대한민국",8.04성급
샐리스 제주 호텔,"제주, 대한민국",7.23성급
퍼스트70 호텔,"서귀포, 대한민국",8.14성급
씨오르리조트,"서귀포, 대한민국",8.43성급
아이미제주비치호텔,"제주, 대한민국",7.23성급,직원들이 친절함
오션 팰리스 호텔,"서귀포, 대한민국",7.44성급,쇼핑하기 편리한 위치
제주 노블레스 관광호텔,"제주, 대한민국",7.83성급
금호 제주 리조트,"서귀포, 대한민국",7.44성급,위치 아주 좋음
호텔 레오,"제주, 대한민국",8.94성급,침대가 편안함
애월 스테이 인 제주,"제주, 대한민국",8.62성급
위드시티호텔,"제주, 대한민국",7.2
오션블루 호텔,"서귀포, 대한민국",7.23성급
제주 썬호텔,"제주, 대한민국",8.85성급,위치 아주 좋음
블루 하와이 리조트,"제주, 대한민국",7.93성급,직원들이 친절함
머큐어 앰배서더 제주,"서귀포, 대한민국",8.5,침대가 편안함
호텔 화인 제주,"서귀포, 대한민국",9.24성급,객실상태 깨끗함
호텔 스카이파크 제주 1호점,"제주, 대한민국",7.83성급,위치 아주 좋음
엠버 호텔 제주,"제주, 대한민국",8.54성급,직원들이 친절함
호텔더그랑 서귀포,"서귀포, 대한민국",10.03성급
탑스텐 빌라 드 애월,"제주, 대한민국",8.24성급,침대 사이즈가 적당함
호텔 삼해인,"제주, 대한민국",8.1
소랑 풀빌라,"제주, 대한민국",8.43성급
오션스타,"서귀포, 대한민국",평점없음
소노캄 제주,"서귀포, 대한민국",7.54성급,직원들이 친절함
아루미호텔 협재점,"제주, 대한민국",8.03성급
호텔52,"서귀포, 대한민국",7.03성급,위치 아주 좋음
마레보 비치호텔,"제주, 대한민국",8.53성급
엘렌호텔,"서귀포, 대한민국",9.2
베이힐 풀&빌라,"서귀포, 대한민국",9.05성급,전망이 뛰어남
제주 부영 리조트,"서귀포, 대한민국",8.7
다인 오세아노 호텔,"제주, 대한민국",8.14성급
르메인호텔,"제주, 대한민국",8.9
흰수염 고래 리조트,"제주, 대한민국",8.53성급
소노벨 제주,"제주, 대한민국",7.94성급,위치 아주 좋음
그랜드메르 호텔 제주,"서귀포, 대한민국",7.23성급,객실상태 깨끗함
BK호텔 제주,"서귀포, 대한민국",8.53성급,직원들이 친절함
스테이 인 제주,"서귀포, 대한민국",평점없음3성급
코업시티호텔 하버뷰,"서귀포, 대한민국",8.14성급
파르나스 호텔 제주,"서귀포, 대한민국",9.25성급
제주 신라 호텔,"서귀포, 대한민국",9.05성급,수영장이 매우 좋음
랜딩관 제주신화월드 호텔앤리조트,"서귀포, 대한민국",8.35성급
메종 글래드 제주,"제주, 대한민국",8.15성급,직원들이 친절함
롯데 호텔 제주,"서귀포, 대한민국",8.85성급,수영장이 매우 좋음
라마다 프라자 제주 호텔,"제주, 대한민국",8.25성급,오션뷰
신라스테이 제주,"제주, 대한민국",8.04성급,쇼핑하기 편리한 위치
그랜드 조선 제주,"서귀포, 대한민국",8.95성급
에코랜드 호텔,"제주, 대한민국",8.6
호텔 휘슬락 바이 베스트웨스턴 시그니처 컬렉션,"제주, 대한민국",7.74성급,전망이 뛰어남
베스트웨스턴 제주호텔,"제주, 대한민국",7.64성급,객실상태 깨끗함
탐라스테이 호텔 제주,"제주, 대한민국",7.74성급,객실상태 깨끗함
라마다 제주 시티 호텔,"제주, 대한민국",8.14성급
신화관 제주신화월드 호텔앤리조트,"서귀포, 대한민국",8.35성급
해비치 호텔 & 리조트,"서귀포, 대한민국",8.65성급,직원들이 친절함
브라운 스위트 제주,"서귀포, 대한민국",7.34성급
서머셋 제주신화월드,"서귀포, 대한민국",8.65성급
휘닉스 제주 섭지코지,"서귀포, 대한민국",7.84성급,음식이 맛있음
더큐브 리조트 제주,"서귀포, 대한민국",8.24성급
호텔 브릿지 서귀포,"서귀포, 대한민국",8.04성급,위치 아주 좋음
호텔 시리우스,"제주, 대한민국",8.34성급
호텔 난타,"제주, 대한민국",8.64성급,직원들이 친절함
더 베스트 제주 성산,"서귀포, 대한민국",7.94성급,객실상태 깨끗함
한림리조트,"제주, 대한민국",8.8,음식이 맛있음
메리어트관 제주신화월드 호텔앤리조트,"서귀포, 대한민국",8.45성급
서귀포 JS호텔,"서귀포, 대한민국",8.44성급,직원들이 친절함
호텔 샬롬 제주,"제주, 대한민국",7.94성급,위치 아주 좋음
제주 항공우주 호텔,"서귀포, 대한민국",8.44성급,위치 아주 좋음
코델리아 S 호텔,"서귀포, 대한민국",7.63성급,위치 아주 좋음
함덕비치스테이제주,"제주, 대한민국",8.2
호텔 케니 모슬포,"서귀포, 대한민국",8.43성급
더 그랜드 섬오름,"서귀포, 대한민국",8.34성급,수영장이 매우 좋음
아스타 호텔,"제주, 대한민국",8.44성급,객실상태 깨끗함
골든데이지 서귀포오션 호텔,"서귀포, 대한민국",7.94성급,위치 아주 좋음
스타즈 호텔 제주 로베로점,"제주, 대한민국",8.03성급,객실상태 깨끗함
그라벨 호텔,"제주, 대한민국",8.14성급,직원들이 친절함
훈데르트힐즈,"제주, 대한민국",평점없음
글로스터 호텔 제주,"제주, 대한민국",8.34성급
엠스테이 호텔 제주,"서귀포, 대한민국",7.84성급,위치 아주 좋음
제주 센트럴시티호텔,"제주, 대한민국",7.73성급,객실상태 깨끗함
신신호텔 천지연,"서귀포, 대한민국",7.94성급
신신호텔 제주공항,"제주, 대한민국",7.64성급,직원들이 친절함
플레이스 캠프 제주,"서귀포, 대한민국",8.34성급,침대가 훌륭함
헤이 서귀포,"서귀포, 대한민국",7.93성급
루체빌,"서귀포, 대한민국",8.43성급
까사로마 호텔,"서귀포, 대한민국",8.83성급,전망이 뛰어남
캠퍼트리 호텔 앤 리조트,"제주, 대한민국",8.44성급
제주 디 아일랜드 블루 호텔,"서귀포, 대한민국",8.14성급,위치 아주 좋음
유니호텔 제주,"제주, 대한민국",7.74성급,객실상태 깨끗함
스위트 호텔 제주,"서귀포, 대한민국",8.35성급,직원들이 친절함
담모라 리조트,"서귀포, 대한민국",7.33성급
엠버퓨어힐호텔&리조트,"제주, 대한민국",9.25성급
신신호텔 제주월드컵,"서귀포, 대한민국",7.74성급,객실상태 깨끗함
벨룸 리조트,"서귀포, 대한민국",8.85성급
오션스위츠 제주 호텔,"제주, 대한민국",8.14성급,오션뷰
WE호텔 제주,"서귀포, 대한민국",8.55성급,수영장이 매우 좋음
제주 아리아 호텔,"서귀포, 대한민국",8.43성급,직원들이 친절함
라마다 바이 윈덤 제주 더 함덕,"제주, 대한민국",7.84성급,객실상태 깨끗함
파크 선샤인 제주,"서귀포, 대한민국",8.93성급,객실상태 깨끗함
베니키아 호텔 제주,"제주, 대한민국",7.53성급,위치 아주 좋음
신신호텔 서귀포,"서귀포, 대한민국",8.04성급
샐리스 제주 호텔,"제주, 대한민국",7.23성급
퍼스트70 호텔,"서귀포, 대한민국",8.14성급
씨오르리조트,"서귀포, 대한민국",8.43성급
아이미제주비치호텔,"제주, 대한민국",7.23성급,오션뷰
오션 팰리스 호텔,"서귀포, 대한민국",7.44성급,객실이 넓음
제주 노블레스 관광호텔,"제주, 대한민국",7.83성급
금호 제주 리조트,"서귀포, 대한민국",7.44성급,위치 아주 좋음
호텔 레오,"제주, 대한민국",8.94성급,쇼핑하기 편리한 위치
애월 스테이 인 제주,"제주, 대한민국",8.62성급
위드시티호텔,"제주, 대한민국",7.2
오션블루 호텔,"서귀포, 대한민국",7.23성급
제주 썬호텔,"제주, 대한민국",8.85성급,직원들이 친절함
블루 하와이 리조트,"제주, 대한민국",7.93성급,위치 아주 좋음
머큐어 앰배서더 제주,"서귀포, 대한민국",8.5,객실상태 깨끗함
호텔 화인 제주,"서귀포, 대한민국",9.24성급,객실상태 깨끗함
호텔 스카이파크 제주 1호점,"제주, 대한민국",7.83성급,쇼핑하기 편리한 위치
엠버 호텔 제주,"제주, 대한민국",8.54성급,위치 아주 좋음
호텔더그랑 서귀포,"서귀포, 대한민국",10.03성급
탑스텐 빌라 드 애월,"제주, 대한민국",8.24성급,맛있는 아침식사
호텔 삼해인,"제주, 대한민국",8.1
소랑 풀빌라,"제주, 대한민국",8.43성급
오션스타,"서귀포, 대한민국",평점없음
소노캄 제주,"서귀포, 대한민국",7.54성급,직원들이 친절함
아루미호텔 협재점,"제주, 대한민국",8.03성급
호텔52,"서귀포, 대한민국",7.03성급,위치 아주 좋음
마레보 비치호텔,"제주, 대한민국",8.53성급
엘렌호텔,"서귀포, 대한민국",9.2
베이힐 풀&빌라,"서귀포, 대한민국",9.05성급,전망이 뛰어남
제주 부영 리조트,"서귀포, 대한민국",8.7
다인 오세아노 호텔,"제주, 대한민국",8.14성급
르메인호텔,"제주, 대한민국",8.9
흰수염 고래 리조트,"제주, 대한민국",8.53성급
소노벨 제주,"제주, 대한민국",7.94성급,위치 아주 좋음
그랜드메르 호텔 제주,"서귀포, 대한민국",7.23성급,객실상태 깨끗함
BK호텔 제주,"서귀포, 대한민국",8.53성급,직원들이 친절함
스테이 인 제주,"서귀포, 대한민국",평점없음3성급
코업시티호텔 하버뷰,"서귀포, 대한민국",8.14성급
라온 호텔 앤 리조트,"제주, 대한민국",6.83성급
골드원 호텔&스위트,"서귀포, 대한민국",8.64성급
파르나스 호텔 제주,"서귀포, 대한민국",9.25성급
제주 신라 호텔,"서귀포, 대한민국",9.05성급,직원들이 친절함
랜딩관 제주신화월드 호텔앤리조트,"서귀포, 대한민국",8.35성급
메종 글래드 제주,"제주, 대한민국",8.15성급,위치 아주 좋음
롯데 호텔 제주,"서귀포, 대한민국",8.85성급,음식이 훌륭함
라마다 프라자 제주 호텔,"제주, 대한민국",8.25성급,직원들이 친절함
신라스테이 제주,"제주, 대한민국",8.04성급,침대가 편안함
그랜드 조선 제주,"서귀포, 대한민국",8.95성급
에코랜드 호텔,"제주, 대한민국",8.6
호텔 휘슬락 바이 베스트웨스턴 시그니처 컬렉션,"제주, 대한민국",7.74성급,위치 아주 좋음
베스트웨스턴 제주호텔,"제주, 대한민국",7.64성급,직원들이 친절함
탐라스테이 호텔 제주,"제주, 대한민국",7.74성급,직원들이 친절함
라마다 제주 시티 호텔,"제주, 대한민국",8.14성급
신화관 제주신화월드 호텔앤리조트,"서귀포, 대한민국",8.35성급
해비치 호텔 & 리조트,"서귀포, 대한민국",8.65성급,객실상태 깨끗함
브라운 스위트 제주,"서귀포, 대한민국",7.34성급
서머셋 제주신화월드,"서귀포, 대한민국",8.65성급
휘닉스 제주 섭지코지,"서귀포, 대한민국",7.84성급,위치 아주 좋음
더큐브 리조트 제주,"서귀포, 대한민국",8.24성급
호텔 브릿지 서귀포,"서귀포, 대한민국",8.04성급,직원들이 친절함
호텔 난타,"제주, 대한민국",8.64성급,객실상태 깨끗함
더 베스트 제주 성산,"서귀포, 대한민국",7.94성급,직원들이 친절함
한림리조트,"제주, 대한민국",8.8,전망이 뛰어남
메리어트관 제주신화월드 호텔앤리조트,"서귀포, 대한민국",8.45성급
서귀포 JS호텔,"서귀포, 대한민국",8.44성급,객실상태 깨끗함
호텔 샬롬 제주,"제주, 대한민국",7.94성급,객실상태 훌륭함
제주 항공우주 호텔,"서귀포, 대한민국",8.44성급,객실상태 깨끗함
코델리아 S 호텔,"서귀포, 대한민국",7.63성급,위치 아주 좋음
호텔 케니 모슬포,"서귀포, 대한민국",8.43성급
더 그랜드 섬오름,"서귀포, 대한민국",8.34성급,오션뷰
아스타 호텔,"제주, 대한민국",8.44성급,직원들이 친절함
골든데이지 서귀포오션 호텔,"서귀포, 대한민국",7.94성급,충분한 주차 공간
스타즈 호텔 제주 로베로점,"제주, 대한민국",8.03성급,위치 아주 좋음
그라벨 호텔,"제주, 대한민국",8.14성급,객실상태 깨끗함
훈데르트힐즈,"제주, 대한민국",평점없음
글로스터 호텔 제주,"제주, 대한민국",8.34성급
엠스테이 호텔 제주,"서귀포, 대한민국",7.84성급,쇼핑하기 편리한 위치
제주 센트럴시티호텔,"제주, 대한민국",7.73성급,객실상태 깨끗함
신신호텔 천지연,"서귀포, 대한민국",7.94성급
신신호텔 제주공항,"제주, 대한민국",7.64성급,직원들이 친절함
플레이스 캠프 제주,"서귀포, 대한민국",8.34성급,침대가 훌륭함
헤이 서귀포,"서귀포, 대한민국",7.93성급
루체빌,"서귀포, 대한민국",8.43성급
까사로마 호텔,"서귀포, 대한민국",8.83성급,전망이 뛰어남
캠퍼트리 호텔 앤 리조트,"제주, 대한민국",8.44성급
제주 디 아일랜드 블루 호텔,"서귀포, 대한민국",8.14성급,위치 아주 좋음
산방산 호텔,"서귀포, 대한민국",8.53성급
유니호텔 제주,"제주, 대한민국",7.74성급,객실상태 깨끗함
스위트 호텔 제주,"서귀포, 대한민국",8.35성급,직원들이 친절함
담모라 리조트,"서귀포, 대한민국",7.33성급
엠버퓨어힐호텔&리조트,"제주, 대한민국",9.25성급
신신호텔 제주월드컵,"서귀포, 대한민국",7.74성급,객실상태 깨끗함
오션스위츠 제주 호텔,"제주, 대한민국",8.14성급,오션뷰
제주 아리아 호텔,"서귀포, 대한민국",8.43성급,객실상태 깨끗함
라마다 바이 윈덤 제주 더 함덕,"제주, 대한민국",7.84성급,직원들이 친절함
파크 선샤인 제주,"서귀포, 대한민국",8.93성급,위치 아주 좋음
베니키아 호텔 제주,"제주, 대한민국",7.53성급,음식이 훌륭함
신신호텔 서귀포,"서귀포, 대한민국",8.04성급
샐리스 제주 호텔,"제주, 대한민국",7.23성급
퍼스트70 호텔,"서귀포, 대한민국",8.14성급
씨오르리조트,"서귀포, 대한민국",8.43성급
오션 팰리스 호텔,"서귀포, 대한민국",7.44성급,쇼핑하기 편리한 위치
제주 노블레스 관광호텔,"제주, 대한민국",7.83성급
금호 제주 리조트,"서귀포, 대한민국",7.44성급,위치 아주 좋음
호텔 레오,"제주, 대한민국",8.94성급,침대가 편안함
애월 스테이 인 제주,"제주, 대한민국",8.62성급
위드시티호텔,"제주, 대한민국",7.2
오션블루 호텔,"서귀포, 대한민국",7.23성급
블루 하와이 리조트,"제주, 대한민국",7.93성급,직원들이 친절함
머큐어 앰배서더 제주,"서귀포, 대한민국",8.5,침대가 편안함
호텔 화인 제주,"서귀포, 대한민국",9.24성급,객실상태 깨끗함
호텔 스카이파크 제주 1호점,"제주, 대한민국",7.83성급,위치 아주 좋음
엠버 호텔 제주,"제주, 대한민국",8.54성급,직원들이 친절함
호텔더그랑 서귀포,"서귀포, 대한민국",10.03성급
탑스텐 빌라 드 애월,"제주, 대한민국",8.24성급,침대 사이즈가 적당함
호텔 삼해인,"제주, 대한민국",8.1
소랑 풀빌라,"제주, 대한민국",8.43성급
오션스타,"서귀포, 대한민국",평점없음
소노캄 제주,"서귀포, 대한민국",7.54성급,직원들이 친절함
아루미호텔 협재점,"제주, 대한민국",8.03성급
호텔52,"서귀포, 대한민국",7.03성급,위치 아주 좋음
마레보 비치호텔,"제주, 대한민국",8.53성급
엘렌호텔,"서귀포, 대한민국",9.2
베이힐 풀&빌라,"서귀포, 대한민국",9.05성급,직원들이 친절함
제주 부영 리조트,"서귀포, 대한민국",8.7
다인 오세아노 호텔,"제주, 대한민국",8.14성급
르메인호텔,"제주, 대한민국",8.9
흰수염 고래 리조트,"제주, 대한민국",8.53성급
소노벨 제주,"제주, 대한민국",7.94성급,위치 아주 좋음
그랜드메르 호텔 제주,"서귀포, 대한민국",7.23성급,위치 아주 좋음
BK호텔 제주,"서귀포, 대한민국",8.53성급,객실이 넓음
스테이 인 제주,"서귀포, 대한민국",평점없음3성급
코업시티호텔 하버뷰,"서귀포, 대한민국",8.14성급
라온 호텔 앤 리조트,"제주, 대한민국",6.83성급
골드원 호텔&스위트,"서귀포, 대한민국",8.64성급
제주 샹그릴라 호텔앤리조트,"제주, 대한민국",7.83성급
제주 마레보 리조트,"제주, 대한민국",7.63성급
제주 노블피아 호텔,"서귀포, 대한민국",8.6
오션갤러리 호텔앤리조트,"서귀포, 대한민국",9.43성급
올레 리조트,"제주, 대한민국",8.83성급,객실상태 훌륭함
파르나스 호텔 제주,"서귀포, 대한민국",9.25성급
제주 신라 호텔,"서귀포, 대한민국",9.05성급,수영장이 매우 좋음
랜딩관 제주신화월드 호텔앤리조트,"서귀포, 대한민국",8.35성급
메종 글래드 제주,"제주, 대한민국",8.15성급,직원들이 친절함
롯데 호텔 제주,"서귀포, 대한민국",8.85성급,수영장이 매우 좋음
라마다 프라자 제주 호텔,"제주, 대한민국",8.25성급,오션뷰
신라스테이 제주,"제주, 대한민국",8.04성급,쇼핑하기 편리한 위치
그랜드 조선 제주,"서귀포, 대한민국",8.95성급
에코랜드 호텔,"제주, 대한민국",8.6
호텔 휘슬락 바이 베스트웨스턴 시그니처 컬렉션,"제주, 대한민국",7.74성급,전망이 뛰어남
베스트웨스턴 제주호텔,"제주, 대한민국",7.64성급,객실상태 깨끗함
탐라스테이 호텔 제주,"제주, 대한민국",7.74성급,객실상태 깨끗함
라마다 제주 시티 호텔,"제주, 대한민국",8.14성급
신화관 제주신화월드 호텔앤리조트,"서귀포, 대한민국",8.35성급
해비치 호텔 & 리조트,"서귀포, 대한민국",8.65성급,직원들이 친절함
호텔 리젠트 마린 더 블루,"제주, 대한민국",8.24성급,전망이 뛰어남
브라운 스위트 제주,"서귀포, 대한민국",7.34성급
서머셋 제주신화월드,"서귀포, 대한민국",8.65성급
휘닉스 제주 섭지코지,"서귀포, 대한민국",7.84성급,음식이 맛있음
더큐브 리조트 제주,"서귀포, 대한민국",8.24성급
호텔 브릿지 서귀포,"서귀포, 대한민국",8.04성급,음식이 훌륭함
호텔 난타,"제주, 대한민국",8.64성급,직원들이 친절함
더 베스트 제주 성산,"서귀포, 대한민국",7.94성급,객실상태 깨끗함
한림리조트,"제주, 대한민국",8.8,음식이 맛있음
메리어트관 제주신화월드 호텔앤리조트,"서귀포, 대한민국",8.45성급
서귀포 JS호텔,"서귀포, 대한민국",8.44성급,직원들이 친절함
호텔 샬롬 제주,"제주, 대한민국",7.94성급,위치 아주 좋음
제주 항공우주 호텔,"서귀포, 대한민국",8.44성급,위치 아주 좋음
코델리아 S 호텔,"서귀포, 대한민국",7.63성급,위치 아주 좋음
호텔 케니 모슬포,"서귀포, 대한민국",8.43성급
더 그랜드 섬오름,"서귀포, 대한민국",8.34성급,수영장이 매우 좋음
아스타 호텔,"제주, 대한민국",8.44성급,객실상태 깨끗함
골든데이지 서귀포오션 호텔,"서귀포, 대한민국",7.94성급,위치 아주 좋음
스타즈 호텔 제주 로베로점,"제주, 대한민국",8.03성급,객실상태 깨끗함
그라벨 호텔,"제주, 대한민국",8.14성급,직원들이 친절함
훈데르트힐즈,"제주, 대한민국",평점없음
글로스터 호텔 제주,"제주, 대한민국",8.34성급
엠스테이 호텔 제주,"서귀포, 대한민국",7.84성급,위치 아주 좋음
제주 센트럴시티호텔,"제주, 대한민국",7.73성급,객실상태 깨끗함
신신호텔 천지연,"서귀포, 대한민국",7.94성급
신신호텔 제주공항,"제주, 대한민국",7.64성급,직원들이 친절함
플레이스 캠프 제주,"서귀포, 대한민국",8.34성급,침대가 훌륭함
헤이 서귀포,"서귀포, 대한민국",7.93성급
루체빌,"서귀포, 대한민국",8.43성급
까사로마 호텔,"서귀포, 대한민국",8.83성급,전망이 뛰어남
캠퍼트리 호텔 앤 리조트,"제주, 대한민국",8.44성급
제주 디 아일랜드 블루 호텔,"서귀포, 대한민국",8.14성급,위치 아주 좋음
산방산 호텔,"서귀포, 대한민국",8.53성급
유니호텔 제주,"제주, 대한민국",7.74성급,객실상태 깨끗함
스위트 호텔 제주,"서귀포, 대한민국",8.35성급,직원들이 친절함
담모라 리조트,"서귀포, 대한민국",7.33성급
엠버퓨어힐호텔&리조트,"제주, 대한민국",9.25성급
신신호텔 제주월드컵,"서귀포, 대한민국",7.74성급,객실상태 깨끗함
벨룸 리조트,"서귀포, 대한민국",8.85성급
오션스위츠 제주 호텔,"제주, 대한민국",8.14성급,오션뷰
제주 아리아 호텔,"서귀포, 대한민국",8.43성급,직원들이 친절함
라마다 바이 윈덤 제주 더 함덕,"제주, 대한민국",7.84성급,객실상태 깨끗함
파크 선샤인 제주,"서귀포, 대한민국",8.93성급,객실상태 깨끗함
베니키아 호텔 제주,"제주, 대한민국",7.53성급,위치 아주 좋음
호텔 더 원,"제주, 대한민국",7.44성급,직원들이 친절함
신신호텔 서귀포,"서귀포, 대한민국",8.04성급
샐리스 제주 호텔,"제주, 대한민국",7.23성급
퍼스트70 호텔,"서귀포, 대한민국",8.14성급
씨오르리조트,"서귀포, 대한민국",8.43성급
아이미제주비치호텔,"제주, 대한민국",7.23성급,직원들이 친절함
오션 팰리스 호텔,"서귀포, 대한민국",7.44성급,쇼핑하기 편리한 위치
제주 노블레스 관광호텔,"제주, 대한민국",7.83성급
금호 제주 리조트,"서귀포, 대한민국",7.44성급,위치 아주 좋음
호텔 빠레브,"서귀포, 대한민국",8.24성급,객실상태 깨끗함
호텔 레오,"제주, 대한민국",8.94성급,침대가 편안함
애월 스테이 인 제주,"제주, 대한민국",8.62성급
위드시티호텔,"제주, 대한민국",7.2
오션블루 호텔,"서귀포, 대한민국",7.23성급
벤티모 호텔 앤 레지던스 제주,"제주, 대한민국",9.04성급
블루 하와이 리조트,"제주, 대한민국",7.93성급,직원들이 친절함
머큐어 앰배서더 제주,"서귀포, 대한민국",8.5,침대가 편안함
호텔 화인 제주,"서귀포, 대한민국",9.24성급,객실상태 깨끗함
호텔 스카이파크 제주 1호점,"제주, 대한민국",7.83성급,위치 아주 좋음
엠버 호텔 제주,"제주, 대한민국",8.54성급,직원들이 친절함
호텔더그랑 서귀포,"서귀포, 대한민국",10.03성급
탑스텐 빌라 드 애월,"제주, 대한민국",8.24성급,침대 사이즈가 적당함
호텔 삼해인,"제주, 대한민국",8.1
소랑 풀빌라,"제주, 대한민국",8.43성급
오션스타,"서귀포, 대한민국",평점없음
소노캄 제주,"서귀포, 대한민국",7.54성급,직원들이 친절함
아루미호텔 협재점,"제주, 대한민국",8.03성급
호텔52,"서귀포, 대한민국",7.03성급,위치 아주 좋음
마레보 비치호텔,"제주, 대한민국",8.53성급
엘렌호텔,"서귀포, 대한민국",9.2
베이힐 풀&빌라,"서귀포, 대한민국",9.05성급,전망이 뛰어남
제주 부영 리조트,"서귀포, 대한민국",8.7
다인 오세아노 호텔,"제주, 대한민국",8.14성급
르메인호텔,"제주, 대한민국",8.9
흰수염 고래 리조트,"제주, 대한민국",8.53성급
소노벨 제주,"제주, 대한민국",7.94성급,위치 아주 좋음
스위트메이서귀포호텔,"서귀포, 대한민국",8.44성급,위치 아주 좋음
그랜드메르 호텔 제주,"서귀포, 대한민국",7.23성급,객실상태 깨끗함
BK호텔 제주,"서귀포, 대한민국",8.53성급,직원들이 친절함
스테이 인 제주,"서귀포, 대한민국",평점없음3성급
코업시티호텔 하버뷰,"서귀포, 대한민국",8.14성급
파르나스 호텔 제주,"서귀포, 대한민국",9.25성급
제주 신라 호텔,"서귀포, 대한민국",9.05성급,직원들이 친절함
랜딩관 제주신화월드 호텔앤리조트,"서귀포, 대한민국",8.35성급
메종 글래드 제주,"제주, 대한민국",8.15성급,위치 아주 좋음
롯데 호텔 제주,"서귀포, 대한민국",8.85성급,음식이 훌륭함
라마다 프라자 제주 호텔,"제주, 대한민국",8.25성급,직원들이 친절함
신라스테이 제주,"제주, 대한민국",8.04성급,침대가 편안함
그랜드 조선 제주,"서귀포, 대한민국",8.95성급
에코랜드 호텔,"제주, 대한민국",8.6
호텔 휘슬락 바이 베스트웨스턴 시그니처 컬렉션,"제주, 대한민국",7.74성급,위치 아주 좋음
베스트웨스턴 제주호텔,"제주, 대한민국",7.64성급,직원들이 친절함
탐라스테이 호텔 제주,"제주, 대한민국",7.74성급,직원들이 친절함
라마다 제주 시티 호텔,"제주, 대한민국",8.14성급
신화관 제주신화월드 호텔앤리조트,"서귀포, 대한민국",8.35성급
해비치 호텔 & 리조트,"서귀포, 대한민국",8.65성급,객실상태 깨끗함
브라운 스위트 제주,"서귀포, 대한민국",7.34성급
서머셋 제주신화월드,"서귀포, 대한민국",8.65성급
휘닉스 제주 섭지코지,"서귀포, 대한민국",7.84성급,위치 아주 좋음
더큐브 리조트 제주,"서귀포, 대한민국",8.24성급
호텔 브릿지 서귀포,"서귀포, 대한민국",8.04성급,직원들이 친절함
호텔 난타,"제주, 대한민국",8.64성급,객실상태 깨끗함
더 베스트 제주 성산,"서귀포, 대한민국",7.94성급,직원들이 친절함
한림리조트,"제주, 대한민국",8.8,전망이 뛰어남
메리어트관 제주신화월드 호텔앤리조트,"서귀포, 대한민국",8.45성급
서귀포 JS호텔,"서귀포, 대한민국",8.44성급,객실상태 깨끗함
호텔 샬롬 제주,"제주, 대한민국",7.94성급,객실상태 훌륭함
제주 항공우주 호텔,"서귀포, 대한민국",8.44성급,객실상태 깨끗함
코델리아 S 호텔,"서귀포, 대한민국",7.63성급,위치 아주 좋음
호텔 케니 모슬포,"서귀포, 대한민국",8.43성급
더 그랜드 섬오름,"서귀포, 대한민국",8.34성급,오션뷰
아스타 호텔,"제주, 대한민국",8.44성급,직원들이 친절함
골든데이지 서귀포오션 호텔,"서귀포, 대한민국",7.94성급,충분한 주차 공간
스타즈 호텔 제주 로베로점,"제주, 대한민국",8.03성급,위치 아주 좋음
그라벨 호텔,"제주, 대한민국",8.14성급,객실상태 깨끗함
훈데르트힐즈,"제주, 대한민국",평점없음
글로스터 호텔 제주,"제주, 대한민국",8.34성급
엠스테이 호텔 제주,"서귀포, 대한민국",7.84성급,쇼핑하기 편리한 위치
제주 센트럴시티호텔,"제주, 대한민국",7.73성급,객실상태 깨끗함
신신호텔 천지연,"서귀포, 대한민국",7.94성급
신신호텔 제주공항,"제주, 대한민국",7.64성급,직원들이 친절함
플레이스 캠프 제주,"서귀포, 대한민국",8.34성급,침대가 훌륭함
헤이 서귀포,"서귀포, 대한민국",7.93성급
루체빌,"서귀포, 대한민국",8.43성급
까사로마 호텔,"서귀포, 대한민국",8.83성급,전망이 뛰어남
캠퍼트리 호텔 앤 리조트,"제주, 대한민국",8.44성급
제주 디 아일랜드 블루 호텔,"서귀포, 대한민국",8.14성급,위치 아주 좋음
산방산 호텔,"서귀포, 대한민국",8.53성급
유니호텔 제주,"제주, 대한민국",7.74성급,객실상태 깨끗함
스위트 호텔 제주,"서귀포, 대한민국",8.35성급,직원들이 친절함
담모라 리조트,"서귀포, 대한민국",7.33성급
엠버퓨어힐호텔&리조트,"제주, 대한민국",9.25성급
신신호텔 제주월드컵,"서귀포, 대한민국",7.74성급,객실상태 깨끗함
벨룸 리조트,"서귀포, 대한민국",8.85성급
오션스위츠 제주 호텔,"제주, 대한민국",8.14성급,오션뷰
제주 아리아 호텔,"서귀포, 대한민국",8.43성급,직원들이 친절함
라마다 바이 윈덤 제주 더 함덕,"제주, 대한민국",7.84성급,객실상태 깨끗함
파크 선샤인 제주,"서귀포, 대한민국",8.93성급,객실상태 깨끗함
베니키아 호텔 제주,"제주, 대한민국",7.53성급,음식이 훌륭함
호텔 더 원,"제주, 대한민국",7.44성급,객실상태 깨끗함
신신호텔 서귀포,"서귀포, 대한민국",8.04성급
샐리스 제주 호텔,"제주, 대한민국",7.23성급
퍼스트70 호텔,"서귀포, 대한민국",8.14성급
씨오르리조트,"서귀포, 대한민국",8.43성급
아이미제주비치호텔,"제주, 대한민국",7.23성급,직원들이 친절함
오션 팰리스 호텔,"서귀포, 대한민국",7.44성급,쇼핑하기 편리한 위치
제주 노블레스 관광호텔,"제주, 대한민국",7.83성급
금호 제주 리조트,"서귀포, 대한민국",7.44성급,위치 아주 좋음
호텔 빠레브,"서귀포, 대한민국",8.24성급,객실상태 깨끗함
호텔 레오,"제주, 대한민국",8.94성급,침대가 편안함
애월 스테이 인 제주,"제주, 대한민국",8.62성급
위드시티호텔,"제주, 대한민국",7.2
오션블루 호텔,"서귀포, 대한민국",7.23성급
벤티모 호텔 앤 레지던스 제주,"제주, 대한민국",9.04성급
블루 하와이 리조트,"제주, 대한민국",7.93성급,직원들이 친절함
디 아넥스 호텔,"서귀포, 대한민국",9.03성급,객실상태 깨끗함
머큐어 앰배서더 제주,"서귀포, 대한민국",8.5,침대가 편안함
호텔 화인 제주,"서귀포, 대한민국",9.24성급,객실상태 깨끗함
호텔 스카이파크 제주 1호점,"제주, 대한민국",7.83성급,위치 아주 좋음
엠버 호텔 제주,"제주, 대한민국",8.54성급,직원들이 친절함
호텔더그랑 서귀포,"서귀포, 대한민국",10.03성급
탑스텐 빌라 드 애월,"제주, 대한민국",8.24성급,맛있는 아침식사
호텔 삼해인,"제주, 대한민국",8.1
소랑 풀빌라,"제주, 대한민국",8.43성급
오션스타,"서귀포, 대한민국",평점없음
소노캄 제주,"서귀포, 대한민국",7.54성급,음식이 맛있음
아루미호텔 협재점,"제주, 대한민국",8.03성급
마레보 비치호텔,"제주, 대한민국",8.53성급
엘렌호텔,"서귀포, 대한민국",9.2
베이힐 풀&빌라,"서귀포, 대한민국",9.05성급,직원들이 친절함
제주 부영 리조트,"서귀포, 대한민국",8.7
다인 오세아노 호텔,"제주, 대한민국",8.14성급
르메인호텔,"제주, 대한민국",8.9
흰수염 고래 리조트,"제주, 대한민국",8.53성급
소노벨 제주,"제주, 대한민국",7.94성급,위치 아주 좋음
스위트메이서귀포호텔,"서귀포, 대한민국",8.44성급,객실상태 깨끗함
그랜드메르 호텔 제주,"서귀포, 대한민국",7.23성급,위치 아주 좋음
BK호텔 제주,"서귀포, 대한민국",8.53성급,객실이 넓음
스테이 인 제주,"서귀포, 대한민국",평점없음3성급
코업시티호텔 하버뷰,"서귀포, 대한민국",8.14성급
라온 호텔 앤 리조트,"제주, 대한민국",6.83성급
파르나스 호텔 제주,"서귀포, 대한민국",9.25성급
제주 신라 호텔,"서귀포, 대한민국",9.05성급,수영장이 매우 좋음
랜딩관 제주신화월드 호텔앤리조트,"서귀포, 대한민국",8.35성급
메종 글래드 제주,"제주, 대한민국",8.15성급,직원들이 친절함
롯데 호텔 제주,"서귀포, 대한민국",8.85성급,수영장이 매우 좋음
라마다 프라자 제주 호텔,"제주, 대한민국",8.25성급,오션뷰
신라스테이 제주,"제주, 대한민국",8.04성급,쇼핑하기 편리한 위치
유탑 유블레스호텔,"제주, 대한민국",8.04성급,음식이 맛있음
그랜드 조선 제주,"서귀포, 대한민국",8.95성급
에코랜드 호텔,"제주, 대한민국",8.6
호텔 휘슬락 바이 베스트웨스턴 시그니처 컬렉션,"제주, 대한민국",7.74성급,전망이 뛰어남
베스트웨스턴 제주호텔,"제주, 대한민국",7.64성급,객실상태 깨끗함
탐라스테이 호텔 제주,"제주, 대한민국",7.74성급,객실상태 깨끗함
라마다 제주 시티 호텔,"제주, 대한민국",8.14성급
신화관 제주신화월드 호텔앤리조트,"서귀포, 대한민국",8.35성급
해비치 호텔 & 리조트,"서귀포, 대한민국",8.65성급,직원들이 친절함
브라운 스위트 제주,"서귀포, 대한민국",7.34성급
서머셋 제주신화월드,"서귀포, 대한민국",8.65성급
휘닉스 제주 섭지코지,"서귀포, 대한민국",7.84성급,음식이 맛있음
더큐브 리조트 제주,"서귀포, 대한민국",8.24성급
호텔 브릿지 서귀포,"서귀포, 대한민국",8.04성급,음식이 훌륭함
호텔 시리우스,"제주, 대한민국",8.34성급
호텔 난타,"제주, 대한민국",8.64성급,직원들이 친절함
더 베스트 제주 성산,"서귀포, 대한민국",7.94성급,객실상태 깨끗함
한림리조트,"제주, 대한민국",8.8,음식이 맛있음
메리어트관 제주신화월드 호텔앤리조트,"서귀포, 대한민국",8.45성급
호텔 토스카나,"서귀포, 대한민국",9.05성급,객실이 넓음
서귀포 JS호텔,"서귀포, 대한민국",8.44성급,직원들이 친절함
호텔 샬롬 제주,"제주, 대한민국",7.94성급,위치 아주 좋음
제주 항공우주 호텔,"서귀포, 대한민국",8.44성급,위치 아주 좋음
코델리아 S 호텔,"서귀포, 대한민국",7.63성급,위치 아주 좋음
함덕비치스테이제주,"제주, 대한민국",8.2
호텔 케니 모슬포,"서귀포, 대한민국",8.43성급
더 그랜드 섬오름,"서귀포, 대한민국",8.34성급,수영장이 매우 좋음
스탠포드 호텔 & 리조트 제주,"제주, 대한민국",8.0
아스타 호텔,"제주, 대한민국",8.44성급,객실상태 깨끗함
골든데이지 서귀포오션 호텔,"서귀포, 대한민국",7.94성급,위치 아주 좋음
스타즈 호텔 제주 로베로점,"제주, 대한민국",8.03성급,객실상태 깨끗함
그라벨 호텔,"제주, 대한민국",8.14성급,직원들이 친절함
훈데르트힐즈,"제주, 대한민국",평점없음
글로스터 호텔 제주,"제주, 대한민국",8.34성급
엠스테이 호텔 제주,"서귀포, 대한민국",7.84성급,쇼핑하기 편리한 위치
제주 센트럴시티호텔,"제주, 대한민국",7.73성급,객실상태 깨끗함
신신호텔 천지연,"서귀포, 대한민국",7.94성급
신신호텔 제주공항,"제주, 대한민국",7.64성급,직원들이 친절함
플레이스 캠프 제주,"서귀포, 대한민국",8.34성급,침대가 훌륭함
헤이 서귀포,"서귀포, 대한민국",7.93성급
루체빌,"서귀포, 대한민국",8.43성급
까사로마 호텔,"서귀포, 대한민국",8.83성급,객실이 넓음
캠퍼트리 호텔 앤 리조트,"제주, 대한민국",8.44성급
제주 디 아일랜드 블루 호텔,"서귀포, 대한민국",8.14성급,객실이 넓음
산방산 호텔,"서귀포, 대한민국",8.53성급
유니호텔 제주,"제주, 대한민국",7.74성급,전망이 뛰어남
코업시티호텔 성산,"서귀포, 대한민국",7.94성급,맛있는 아침식사
스위트 호텔 제주,"서귀포, 대한민국",8.35성급,위치 아주 좋음
담모라 리조트,"서귀포, 대한민국",7.33성급
엠버퓨어힐호텔&리조트,"제주, 대한민국",9.25성급
신신호텔 제주월드컵,"서귀포, 대한민국",7.74성급,충분한 주차 공간
벨룸 리조트,"서귀포, 대한민국",8.85성급
오션스위츠 제주 호텔,"제주, 대한민국",8.14성급,객실이 넓음
WE호텔 제주,"서귀포, 대한민국",8.55성급,위치 아주 좋음
제주 아리아 호텔,"서귀포, 대한민국",8.43성급,객실상태 깨끗함
라마다 바이 윈덤 제주 더 함덕,"제주, 대한민국",7.84성급,직원들이 친절함
파크 선샤인 제주,"서귀포, 대한민국",8.93성급,위치 아주 좋음
베니키아 호텔 제주,"제주, 대한민국",7.53성급,음식이 훌륭함
호텔 더 원,"제주, 대한민국",7.44성급,객실상태 깨끗함
신신호텔 서귀포,"서귀포, 대한민국",8.04성급
샐리스 제주 호텔,"제주, 대한민국",7.23성급
퍼스트70 호텔,"서귀포, 대한민국",8.14성급
씨오르리조트,"서귀포, 대한민국",8.43성급
아이미제주비치호텔,"제주, 대한민국",7.23성급,직원들이 친절함
오션 팰리스 호텔,"서귀포, 대한민국",7.44성급,쇼핑하기 편리한 위치
제주 노블레스 관광호텔,"제주, 대한민국",7.83성급
금호 제주 리조트,"서귀포, 대한민국",7.44성급,위치 아주 좋음
호텔 빠레브,"서귀포, 대한민국",8.24성급,객실상태 깨끗함
호텔 레오,"제주, 대한민국",8.94성급,침대가 편안함
애월 스테이 인 제주,"제주, 대한민국",8.62성급
위드시티호텔,"제주, 대한민국",7.2
벤티모 호텔 앤 레지던스 제주,"제주, 대한민국",9.04성급
제주 썬호텔,"제주, 대한민국",8.85성급,위치 아주 좋음
블루 하와이 리조트,"제주, 대한민국",7.93성급,직원들이 친절함
머큐어 앰배서더 제주,"서귀포, 대한민국",8.5,침대가 편안함
호텔 화인 제주,"서귀포, 대한민국",9.24성급,객실상태 깨끗함
호텔 스카이파크 제주 1호점,"제주, 대한민국",7.83성급,위치 아주 좋음
엠버 호텔 제주,"제주, 대한민국",8.54성급,직원들이 친절함
호텔더그랑 서귀포,"서귀포, 대한민국",10.03성급
탑스텐 빌라 드 애월,"제주, 대한민국",8.24성급,침대 사이즈가 적당함
호텔 삼해인,"제주, 대한민국",8.1
소랑 풀빌라,"제주, 대한민국",8.43성급
오션스타,"서귀포, 대한민국",평점없음
소노캄 제주,"서귀포, 대한민국",7.54성급,직원들이 친절함
아루미호텔 협재점,"제주, 대한민국",8.03성급
마레보 비치호텔,"제주, 대한민국",8.53성급
엘렌호텔,"서귀포, 대한민국",9.2
베이힐 풀&빌라,"서귀포, 대한민국",9.05성급,전망이 뛰어남
제주 부영 리조트,"서귀포, 대한민국",8.7
다인 오세아노 호텔,"제주, 대한민국",8.14성급
르메인호텔,"제주, 대한민국",8.9
흰수염 고래 리조트,"제주, 대한민국",8.53성급
소노벨 제주,"제주, 대한민국",7.94성급,위치 아주 좋음
파르나스 호텔 제주,"서귀포, 대한민국",9.25성급
랜딩관 제주신화월드 호텔앤리조트,"서귀포, 대한민국",8.35성급
메종 글래드 제주,"제주, 대한민국",8.15성급,직원들이 친절함
롯데 호텔 제주,"서귀포, 대한민국",8.85성급,수영장이 매우 좋음
라마다 프라자 제주 호텔,"제주, 대한민국",8.25성급,오션뷰
신라스테이 제주,"제주, 대한민국",8.04성급,쇼핑하기 편리한 위치
유탑 유블레스호텔,"제주, 대한민국",8.04성급,음식이 맛있음
그랜드 조선 제주,"서귀포, 대한민국",8.95성급
에코랜드 호텔,"제주, 대한민국",8.6
호텔 휘슬락 바이 베스트웨스턴 시그니처 컬렉션,"제주, 대한민국",7.74성급,전망이 뛰어남
베스트웨스턴 제주호텔,"제주, 대한민국",7.64성급,객실상태 깨끗함
탐라스테이 호텔 제주,"제주, 대한민국",7.74성급,객실상태 깨끗함
라마다 제주 시티 호텔,"제주, 대한민국",8.14성급
신화관 제주신화월드 호텔앤리조트,"서귀포, 대한민국",8.35성급
해비치 호텔 & 리조트,"서귀포, 대한민국",8.65성급,직원들이 친절함
브라운 스위트 제주,"서귀포, 대한민국",7.34성급
서머셋 제주신화월드,"서귀포, 대한민국",8.65성급
휘닉스 제주 섭지코지,"서귀포, 대한민국",7.84성급,음식이 맛있음
더큐브 리조트 제주,"서귀포, 대한민국",8.24성급
호텔 브릿지 서귀포,"서귀포, 대한민국",8.04성급,위치 아주 좋음
호텔 시리우스,"제주, 대한민국",8.34성급
호텔 난타,"제주, 대한민국",8.64성급,직원들이 친절함
더 베스트 제주 성산,"서귀포, 대한민국",7.94성급,객실상태 깨끗함
한림리조트,"제주, 대한민국",8.8,음식이 맛있음
메리어트관 제주신화월드 호텔앤리조트,"서귀포, 대한민국",8.45성급
호텔 토스카나,"서귀포, 대한민국",9.05성급,객실이 넓음
서귀포 JS호텔,"서귀포, 대한민국",8.44성급,직원들이 친절함
호텔 샬롬 제주,"제주, 대한민국",7.94성급,위치 아주 좋음
제주 항공우주 호텔,"서귀포, 대한민국",8.44성급,위치 아주 좋음
코델리아 S 호텔,"서귀포, 대한민국",7.63성급,위치 아주 좋음
함덕비치스테이제주,"제주, 대한민국",8.2
호텔 케니 모슬포,"서귀포, 대한민국",8.43성급
더 그랜드 섬오름,"서귀포, 대한민국",8.34성급,수영장이 매우 좋음
스탠포드 호텔 & 리조트 제주,"제주, 대한민국",8.0
아스타 호텔,"제주, 대한민국",8.44성급,객실상태 깨끗함
골든데이지 서귀포오션 호텔,"서귀포, 대한민국",7.94성급,위치 아주 좋음
스타즈 호텔 제주 로베로점,"제주, 대한민국",8.03성급,객실상태 깨끗함
그라벨 호텔,"제주, 대한민국",8.14성급,직원들이 친절함
훈데르트힐즈,"제주, 대한민국",평점없음
글로스터 호텔 제주,"제주, 대한민국",8.34성급
엠스테이 호텔 제주,"서귀포, 대한민국",7.84성급,위치 아주 좋음
제주 센트럴시티호텔,"제주, 대한민국",7.73성급,객실상태 깨끗함
신신호텔 천지연,"서귀포, 대한민국",7.94성급
신신호텔 제주공항,"제주, 대한민국",7.64성급,객실상태 깨끗함
플레이스 캠프 제주,"서귀포, 대한민국",8.34성급,침대가 훌륭함
헤이 서귀포,"서귀포, 대한민국",7.93성급
루체빌,"서귀포, 대한민국",8.43성급
까사로마 호텔,"서귀포, 대한민국",8.83성급,객실이 넓음
캠퍼트리 호텔 앤 리조트,"제주, 대한민국",8.44성급
제주 디 아일랜드 블루 호텔,"서귀포, 대한민국",8.14성급,객실이 넓음
산방산 호텔,"서귀포, 대한민국",8.53성급
유니호텔 제주,"제주, 대한민국",7.74성급,전망이 뛰어남
코업시티호텔 성산,"서귀포, 대한민국",7.94성급,맛있는 아침식사
스위트 호텔 제주,"서귀포, 대한민국",8.35성급,위치 아주 좋음
담모라 리조트,"서귀포, 대한민국",7.33성급
엠버퓨어힐호텔&리조트,"제주, 대한민국",9.25성급
신신호텔 제주월드컵,"서귀포, 대한민국",7.74성급,충분한 주차 공간
벨룸 리조트,"서귀포, 대한민국",8.85성급
오션스위츠 제주 호텔,"제주, 대한민국",8.14성급,객실이 넓음
WE호텔 제주,"서귀포, 대한민국",8.55성급,위치 아주 좋음
라마다 바이 윈덤 제주 더 함덕,"제주, 대한민국",7.84성급,객실상태 깨끗함
파크 선샤인 제주,"서귀포, 대한민국",8.93성급,객실상태 깨끗함
베니키아 호텔 제주,"제주, 대한민국",7.53성급,위치 아주 좋음
호텔 더 원,"제주, 대한민국",7.44성급,직원들이 친절함
신신호텔 서귀포,"서귀포, 대한민국",8.04성급
샐리스 제주 호텔,"제주, 대한민국",7.23성급
퍼스트70 호텔,"서귀포, 대한민국",8.14성급
씨오르리조트,"서귀포, 대한민국",8.43성급
아이미제주비치호텔,"제주, 대한민국",7.23성급,오션뷰
오션 팰리스 호텔,"서귀포, 대한민국",7.44성급,객실이 넓음
제주 노블레스 관광호텔,"제주, 대한민국",7.83성급
금호 제주 리조트,"서귀포, 대한민국",7.44성급,위치 아주 좋음
호텔 빠레브,"서귀포, 대한민국",8.24성급,위치 아주 좋음
호텔 레오,"제주, 대한민국",8.94성급,쇼핑하기 편리한 위치
애월 스테이 인 제주,"제주, 대한민국",8.62성급
위드시티호텔,"제주, 대한민국",7.2
제주 썬호텔,"제주, 대한민국",8.85성급,직원들이 친절함
블루 하와이 리조트,"제주, 대한민국",7.93성급,위치 아주 좋음
머큐어 앰배서더 제주,"서귀포, 대한민국",8.5,객실상태 깨끗함
호텔 화인 제주,"서귀포, 대한민국",9.24성급,객실상태 깨끗함
호텔 스카이파크 제주 1호점,"제주, 대한민국",7.83성급,위치 아주 좋음
엠버 호텔 제주,"제주, 대한민국",8.54성급,직원들이 친절함
호텔더그랑 서귀포,"서귀포, 대한민국",10.03성급
탑스텐 빌라 드 애월,"제주, 대한민국",8.24성급,침대 사이즈가 적당함
호텔 삼해인,"제주, 대한민국",8.1
소랑 풀빌라,"제주, 대한민국",8.43성급
오션스타,"서귀포, 대한민국",평점없음
소노캄 제주,"서귀포, 대한민국",7.54성급,직원들이 친절함
아루미호텔 협재점,"제주, 대한민국",8.03성급
마레보 비치호텔,"제주, 대한민국",8.53성급
베이힐 풀&빌라,"서귀포, 대한민국",9.05성급,전망이 뛰어남
다인 오세아노 호텔,"제주, 대한민국",8.14성급
르메인호텔,"제주, 대한민국",8.9
흰수염 고래 리조트,"제주, 대한민국",8.53성급
소노벨 제주,"제주, 대한민국",7.94성급,위치 아주 좋음
스위트메이서귀포호텔,"서귀포, 대한민국",8.44성급,위치 아주 좋음
그랜드메르 호텔 제주,"서귀포, 대한민국",7.23성급,객실상태 깨끗함
BK호텔 제주,"서귀포, 대한민국",8.53성급,직원들이 친절함
스테이 인 제주,"서귀포, 대한민국",평점없음3성급
코업시티호텔 하버뷰,"서귀포, 대한민국",8.14성급
파르나스 호텔 제주,"서귀포, 대한민국",9.25성급
랜딩관 제주신화월드 호텔앤리조트,"서귀포, 대한민국",8.35성급
메종 글래드 제주,"제주, 대한민국",8.15성급,직원들이 친절함
롯데 호텔 제주,"서귀포, 대한민국",8.85성급,수영장이 매우 좋음
라마다 프라자 제주 호텔,"제주, 대한민국",8.25성급,오션뷰
신라스테이 제주,"제주, 대한민국",8.04성급,쇼핑하기 편리한 위치
유탑 유블레스호텔,"제주, 대한민국",8.04성급,음식이 맛있음
에코랜드 호텔,"제주, 대한민국",8.6
호텔 휘슬락 바이 베스트웨스턴 시그니처 컬렉션,"제주, 대한민국",7.74성급,전망이 뛰어남
베스트웨스턴 제주호텔,"제주, 대한민국",7.64성급,객실상태 깨끗함
탐라스테이 호텔 제주,"제주, 대한민국",7.74성급,객실상태 깨끗함
라마다 제주 시티 호텔,"제주, 대한민국",8.14성급
신화관 제주신화월드 호텔앤리조트,"서귀포, 대한민국",8.35성급
해비치 호텔 & 리조트,"서귀포, 대한민국",8.65성급,직원들이 친절함
브라운 스위트 제주,"서귀포, 대한민국",7.34성급
서머셋 제주신화월드,"서귀포, 대한민국",8.65성급
휘닉스 제주 섭지코지,"서귀포, 대한민국",7.84성급,음식이 맛있음
더큐브 리조트 제주,"서귀포, 대한민국",8.24성급
호텔 브릿지 서귀포,"서귀포, 대한민국",8.04성급,위치 아주 좋음
호텔 시리우스,"제주, 대한민국",8.34성급
호텔 난타,"제주, 대한민국",8.64성급,객실상태 깨끗함
더 베스트 제주 성산,"서귀포, 대한민국",7.94성급,객실상태 깨끗함
한림리조트,"제주, 대한민국",8.8,음식이 맛있음
메리어트관 제주신화월드 호텔앤리조트,"서귀포, 대한민국",8.45성급
호텔 토스카나,"서귀포, 대한민국",9.05성급,객실이 넓음
서귀포 JS호텔,"서귀포, 대한민국",8.44성급,직원들이 친절함
호텔 샬롬 제주,"제주, 대한민국",7.94성급,위치 아주 좋음
제주 항공우주 호텔,"서귀포, 대한민국",8.44성급,위치 아주 좋음
코델리아 S 호텔,"서귀포, 대한민국",7.63성급,위치 아주 좋음
호텔 케니 모슬포,"서귀포, 대한민국",8.43성급
더 그랜드 섬오름,"서귀포, 대한민국",8.34성급,수영장이 매우 좋음
스탠포드 호텔 & 리조트 제주,"제주, 대한민국",8.0
아스타 호텔,"제주, 대한민국",8.44성급,객실상태 깨끗함
골든데이지 서귀포오션 호텔,"서귀포, 대한민국",7.94성급,위치 아주 좋음
스타즈 호텔 제주 로베로점,"제주, 대한민국",8.03성급,객실상태 깨끗함
그라벨 호텔,"제주, 대한민국",8.14성급,직원들이 친절함
훈데르트힐즈,"제주, 대한민국",평점없음
글로스터 호텔 제주,"제주, 대한민국",8.34성급
엠스테이 호텔 제주,"서귀포, 대한민국",7.84성급,위치 아주 좋음
제주 센트럴시티호텔,"제주, 대한민국",7.73성급,객실상태 깨끗함
신신호텔 천지연,"서귀포, 대한민국",7.94성급
신신호텔 제주공항,"제주, 대한민국",7.64성급,직원들이 친절함
플레이스 캠프 제주,"서귀포, 대한민국",8.34성급,침대가 훌륭함
헤이 서귀포,"서귀포, 대한민국",7.93성급
루체빌,"서귀포, 대한민국",8.43성급
까사로마 호텔,"서귀포, 대한민국",8.83성급,전망이 뛰어남
캠퍼트리 호텔 앤 리조트,"제주, 대한민국",8.44성급
제주 디 아일랜드 블루 호텔,"서귀포, 대한민국",8.14성급,위치 아주 좋음
산방산 호텔,"서귀포, 대한민국",8.53성급
유니호텔 제주,"제주, 대한민국",7.74성급,객실상태 깨끗함
코업시티호텔 성산,"서귀포, 대한민국",7.94성급,전망이 뛰어남
스위트 호텔 제주,"서귀포, 대한민국",8.35성급,직원들이 친절함
담모라 리조트,"서귀포, 대한민국",7.33성급
엠버퓨어힐호텔&리조트,"제주, 대한민국",9.25성급
신신호텔 제주월드컵,"서귀포, 대한민국",7.74성급,객실상태 깨끗함
벨룸 리조트,"서귀포, 대한민국",8.85성급
오션스위츠 제주 호텔,"제주, 대한민국",8.14성급,오션뷰
WE호텔 제주,"서귀포, 대한민국",8.55성급,수영장이 매우 좋음
라마다 바이 윈덤 제주 더 함덕,"제주, 대한민국",7.84성급,객실상태 깨끗함
파크 선샤인 제주,"서귀포, 대한민국",8.93성급,객실상태 깨끗함
베니키아 호텔 제주,"제주, 대한민국",7.53성급,위치 아주 좋음
호텔 더 원,"제주, 대한민국",7.44성급,직원들이 친절함
신신호텔 서귀포,"서귀포, 대한민국",8.04성급
샐리스 제주 호텔,"제주, 대한민국",7.23성급
퍼스트70 호텔,"서귀포, 대한민국",8.14성급
씨오르리조트,"서귀포, 대한민국",8.43성급
아이미제주비치호텔,"제주, 대한민국",7.23성급,오션뷰
오션 팰리스 호텔,"서귀포, 대한민국",7.44성급,객실이 넓음
제주 노블레스 관광호텔,"제주, 대한민국",7.83성급
금호 제주 리조트,"서귀포, 대한민국",7.44성급,위치 아주 좋음
호텔 빠레브,"서귀포, 대한민국",8.24성급,위치 아주 좋음
호텔 레오,"제주, 대한민국",8.94성급,쇼핑하기 편리한 위치
애월 스테이 인 제주,"제주, 대한민국",8.62성급
위드시티호텔,"제주, 대한민국",7.2
제주 썬호텔,"제주, 대한민국",8.85성급,직원들이 친절함
블루 하와이 리조트,"제주, 대한민국",7.93성급,위치 아주 좋음
블룸 호텔,"서귀포, 대한민국",8.33성급,위치 아주 좋음
호텔 화인 제주,"서귀포, 대한민국",9.24성급,객실상태 깨끗함
호텔 스카이파크 제주 1호점,"제주, 대한민국",7.83성급,쇼핑하기 편리한 위치
엠버 호텔 제주,"제주, 대한민국",8.54성급,위치 아주 좋음
호텔더그랑 서귀포,"서귀포, 대한민국",10.03성급
탑스텐 빌라 드 애월,"제주, 대한민국",8.24성급,침대 사이즈가 적당함
호텔 삼해인,"제주, 대한민국",8.1
소랑 풀빌라,"제주, 대한민국",8.43성급
오션스타,"서귀포, 대한민국",평점없음
소노캄 제주,"서귀포, 대한민국",7.54성급,직원들이 친절함
아루미호텔 협재점,"제주, 대한민국",8.03성급
호텔52,"서귀포, 대한민국",7.03성급,위치 아주 좋음
마레보 비치호텔,"제주, 대한민국",8.53성급
베이힐 풀&빌라,"서귀포, 대한민국",9.05성급,전망이 뛰어남
다인 오세아노 호텔,"제주, 대한민국",8.14성급
흰수염 고래 리조트,"제주, 대한민국",8.53성급
소노벨 제주,"제주, 대한민국",7.94성급,위치 아주 좋음
스위트메이서귀포호텔,"서귀포, 대한민국",8.44성급,위치 아주 좋음
그랜드메르 호텔 제주,"서귀포, 대한민국",7.23성급,객실상태 깨끗함
BK호텔 제주,"서귀포, 대한민국",8.53성급,직원들이 친절함
스테이 인 제주,"서귀포, 대한민국",평점없음3성급
코업시티호텔 하버뷰,"서귀포, 대한민국",8.14성급
라온 호텔 앤 리조트,"제주, 대한민국",6.83성급
에벤에셀호텔,"제주, 대한민국",8.5
